"show_id","type","title","release_year","rating","content_rating","tomatometer_status","tomatometer_rating","tomatometer_count","audience_status","audience_rating","audience_count","gender","num_of_gender","num_of_casts","gender_rato_percentage"
"s408","Movie","All Day and a Night",2020,"R","R","Rotten",57,35,"Upright",63,105,"Male",1,2,50
"s428","Movie","Almost Love",2020,"TV-MA","NR","Fresh",67,30,"Upright",71,34,"Male",4,6,67
"s715","Movie","Banana Split",2020,"TV-MA","R","Certified-Fresh",89,53,"Upright",60,172,"Male",1,6,17
"s1451","Movie","Coffee & Kareem",2020,"TV-MA","NR","Rotten",20,69,"Spilled",30,398,"Male",1,3,33
"s2072","Movie","Extraction",2020,"R","R","Fresh",66,207,"Upright",69,3755,"Male",3,8,38
"s2072","Movie","Extraction",2020,"R","R","Rotten",6,18,"Spilled",17,1093,"Male",3,8,38
"s2142","Movie","Feel the Beat",2020,"TV-G","NR","Rotten",47,15,"Spilled",57,141,"Male",2,5,40
"s2622","Movie","Hard Kill",2020,"R","NR","Rotten",0,17,"Upright",71,308,"Male",3,3,100
"s2656","Movie","Have a Good Trip: Adventures in Psychedelics",2020,"TV-MA","NR","Rotten",58,26,"Upright",72,118,"Male",2,2,100
"s2813","Movie","Horse Girl",2020,"R","R","Fresh",70,56,"Spilled",48,433,"Male",4,8,50
"s3205","Movie","John Henry",2020,"R","R","Rotten",0,20,"Spilled",23,168,"Male",3,3,100
"s3732","Movie","Lost Girls",2020,"R","R","Fresh",72,50,"Spilled",52,279,"Male",4,9,44
"s5499","Movie","Sergio",2020,"R","R","Rotten",43,46,"Spilled",51,168,"Male",2,3,67
"s5751","Movie","Spenser Confidential",2020,"R","R","Rotten",37,82,"Spilled",53,1120,"Male",3,5,60
"s6102","TV Show","The Baby-Sitters Club",2020,"TV-G","PG","Fresh",67,15,"Spilled",47,9969,"Male",2,2,100
"s6572","Movie","The Last Thing He Wanted",2020,"R","R","Rotten",5,56,"Spilled",13,297,"Male",5,7,71
"s6593","TV Show","The Liberator",2020,"TV-MA","R","Rotten",38,26,"Upright",65,2192,"Male",2,2,100
"s6620","Movie","The Lost Husband",2020,"PG-13","PG-13","Rotten",55,22,"Upright",65,256,"Male",1,4,25
"s6636","Movie","The Main Event",2020,"TV-G","NR","Rotten",26,19,"Spilled",23,64,"Male",2,6,33
"s6636","Movie","The Main Event",2020,"TV-G","PG","Rotten",40,10,"Spilled",42,2366,"Male",2,6,33
"s6709","Movie","The Night Clerk",2020,"R","R","Rotten",36,45,"Spilled",31,227,"Male",3,6,50
"s6726","TV Show","The Order",2020,"TV-MA","R","Rotten",0,6,"Spilled",28,8940,"Male",7,18,39
"s6726","TV Show","The Order",2020,"TV-MA","R","Rotten",8,60,"Spilled",38,22588,"Male",7,18,39
"s6976","Movie","The Vanished",2020,"R","R","Rotten",15,13,"Spilled",49,66,"Male",4,5,80
"s7025","Movie","The Wrong Missy",2020,"TV-MA","NR","Rotten",33,57,"Spilled",51,1035,"Male",4,8,50
"s7085","Movie","Tigertail",2020,"PG","PG","Certified-Fresh",81,77,"Upright",67,137,"Male",3,4,75
"s7113","Movie","To All the Boys: P.S. I Still Love You",2020,"TV-14","NR","Certified-Fresh",75,71,"Spilled",40,500,"Male",3,7,43
"s7327","Movie","Uncorked",2020,"TV-MA","NR","Certified-Fresh",91,46,"Upright",65,198,"Male",2,2,100
"s7711","Movie","Yes, God, Yes",2020,"R","R","Certified-Fresh",94,109,"Upright",68,391,"Male",2,5,40
"s76","Movie","1BR",2019,"TV-MA","NR","Certified-Fresh",86,71,"Spilled",55,377,"Male",2,2,100
"s128","Movie","6 Underground",2019,"R","R","Rotten",36,92,"Upright",60,4122,"Male",5,7,71
"s161","Movie","A Christmas Prince: The Royal Baby",2019,"TV-PG","NR","Rotten",33,9,"Spilled",31,80,"Male",3,6,50
"s324","Movie","After",2019,"PG-13","PG-13","Rotten",19,37,"Upright",69,2660,"Male",2,10,20
"s324","Movie","After",2019,"PG-13","R","Rotten",8,12,"Upright",65,173,"Male",2,10,20
"s475","Movie","American Son",2019,"TV-MA","NR","Rotten",48,25,"Spilled",50,330,"Male",2,6,33
"s475","Movie","American Son",2019,"TV-MA","R","Fresh",100,13,"Spilled",51,602,"Male",2,6,33
"s519","Movie","Angel Has Fallen",2019,"R","R","Rotten",39,183,"",93,14668,"Male",6,8,75
"s639","Movie","Awake",2019,"TV-MA","NR","Rotten",14,7,"Spilled",37,27,"Male",3,8,38
"s639","Movie","Awake",2019,"TV-MA","R","Rotten",24,63,"Spilled",54,237790,"Male",3,8,38
"s683","Movie","Backdraft 2",2019,"R","R","Rotten",40,5,"Spilled",16,88,"Male",5,6,83
"s702","Movie","Badland",2019,"TV-14","R","Rotten",16,19,"Spilled",54,294,"Male",6,9,67
"s790","Movie","Beats",2019,"TV-MA","NR","Fresh",90,10,"Spilled",57,112,"Male",1,2,50
"s834","Movie","Beneath the Leaves",2019,"TV-MA","NR","Rotten",20,5,"Spilled",9,64,"Male",5,7,71
"s865","Movie","Between Two Ferns: The Movie",2019,"TV-MA","NR","Certified-Fresh",74,58,"Spilled",43,332,"Male",3,4,75
"s1580","Movie","Daddy Issues",2019,"TV-MA","NR","Rotten",0,7,"",NA,NA,"Male",3,5,60
"s1667","TV Show","Dear White People",2019,"TV-MA","R","Certified-Fresh",91,133,"Upright",61,22538,"Male",4,5,80
"s1799","Movie","Dolemite Is My Name",2019,"R","R","Certified-Fresh",97,226,"",91,113,"Male",7,7,100
"s1826","Movie","Doom: Annihilation",2019,"R","R","Rotten",43,7,"Spilled",16,294,"Male",3,4,75
"s1885","Movie","Drunk Parents",2019,"R","R","Rotten",0,5,"Spilled",16,263,"Male",6,7,86
"s1912","TV Show","Easy",2019,"TV-MA","R","Rotten",59,17,"Spilled",48,1998,"Male",5,12,42
"s1977","Movie","Eli",2019,"TV-MA","R","Rotten",48,25,"Spilled",38,551,"Male",1,6,17
"s1981","Movie","Elizabeth Harvest",2019,"R","R","Rotten",52,21,"Spilled",40,156,"Male",3,5,60
"s2076","Movie","Extremely Wicked, Shockingly Evil and Vile",2019,"R","R","Rotten",54,180,"Spilled",57,1401,"Male",7,10,70
"s2100","Movie","Falling Inn Love",2019,"TV-PG","NR","Fresh",65,20,"Spilled",32,235,"Male",2,3,67
"s2254","Movie","Fractured",2019,"TV-MA","NR","Rotten",59,29,"Spilled",50,551,"Male",3,5,60
"s2423","Movie","Girl on the Third Floor",2019,"TV-MA","NR","Fresh",84,37,"Spilled",22,415,"Male",1,4,25
"s2490","Movie","Good Sam",2019,"TV-PG","NR","Rotten",50,6,"Upright",66,41,"Male",5,7,71
"s2730","Movie","High Flying Bird",2019,"TV-MA","NR","Certified-Fresh",92,130,"Spilled",50,60,"Male",4,6,67
"s2773","Movie","Holiday in the Wild",2019,"TV-PG","NR","Rotten",38,8,"Spilled",47,194,"Male",2,3,67
"s3107","Movie","Jacob's Ladder",2019,"R","R","Fresh",73,66,"Upright",84,53062,"Male",5,14,36
"s3107","Movie","Jacob's Ladder",2019,"R","R","Rotten",4,23,"Spilled",39,148,"Male",5,14,36
"s3230","Movie","Juanita",2019,"TV-MA","NR","Fresh",81,16,"Upright",65,104,"Male",2,4,50
"s3349","Movie","Kevin Hart's Guide to Black History",2019,"TV-PG","NR","Fresh",80,5,"Upright",67,45,"Male",4,6,67
"s3608","Movie","Let It Snow",2019,"PG-13","PG-13","Fresh",81,26,"Spilled",45,377,"Male",2,9,22
"s3734","TV Show","Lost in Space",2019,"TV-PG","PG-13","Rotten",28,83,"Spilled",24,173873,"Male",3,6,50
"s3760","Movie","Love Is Blind",2019,"TV-MA","NR","Rotten",40,5,"Spilled",44,18,"Male",5,7,71
"s4100","Movie","Miles Davis: Birth of the Cool",2019,"TV-MA","NR","Certified-Fresh",92,59,"Upright",81,97,"Male",2,2,100
"s4112","Movie","Mine 9",2019,"TV-MA","NR","Fresh",89,19,"Upright",77,141,"Male",4,4,100
"s4147","Movie","Miss Virginia",2019,"TV-MA","NR","Rotten",50,14,"Upright",84,56,"Male",3,6,50
"s4290","Movie","Murder Mystery",2019,"PG-13","PG-13","Rotten",43,67,"Spilled",42,1007,"Male",6,8,75
"s4660","Movie","Only",2019,"TV-MA","NR","Rotten",40,20,"Spilled",32,119,"Male",2,3,67
"s4736","Movie","Paddleton",2019,"TV-MA","NR","Certified-Fresh",90,41,"Upright",88,546,"Male",2,2,100
"s5106","Movie","Rattlesnake",2019,"TV-MA","NR","Rotten",28,18,"Spilled",15,113,"Male",1,3,33
"s5210","Movie","Rim of the World",2019,"TV-14","NR","Rotten",23,13,"Spilled",47,296,"Male",9,12,75
"s5244","Movie","Rocko's Modern Life: Static Cling",2019,"TV-Y7","NR","Fresh",92,24,"Upright",67,292,"Male",4,5,80
"s5317","Movie","Rust Creek",2019,"R","R","Certified-Fresh",84,44,"Upright",66,576,"Male",3,4,75
"s5418","Movie","Saving ZoÃ«",2019,"R","R","Rotten",0,6,"Spilled",49,73,"Male",3,5,60
"s5442","TV Show","Scream",2019,"TV-MA","R","Certified-Fresh",78,74,"Upright",79,478595,"Male",6,9,67
"s5462","Movie","Secret Obsession",2019,"TV-14","NR","Rotten",29,17,"Spilled",9,79,"Male",4,6,67
"s5482","Movie","See You Yesterday",2019,"TV-MA","NR","Certified-Fresh",95,39,"Spilled",37,250,"Male",1,2,50
"s5528","Movie","Sextuplets",2019,"TV-14","NR","Rotten",14,14,"Spilled",36,50,"Male",3,6,50
"s5705","Movie","Someone Great",2019,"R","R","Certified-Fresh",82,51,"Upright",64,571,"Male",1,5,20
"s5743","TV Show","Special",2019,"TV-MA","R","Rotten",58,33,"Upright",63,29563,"Male",2,3,67
"s5879","Movie","Summer Night",2019,"TV-MA","NR","Rotten",52,21,"Spilled",26,27,"Male",5,9,56
"s5909","TV Show","Supergirl",2019,"TV-14","PG","Rotten",9,32,"Spilled",26,49240,"Male",4,11,36
"s5941","Movie","Sweetheart",2019,"PG-13","NR","Fresh",95,38,"Spilled",52,275,"Male",3,5,60
"s5976","Movie","Tall Girl",2019,"TV-PG","NR","",NA,NA,"",NA,NA,"Male",2,5,40
"s6301","Movie","The Dirt",2019,"TV-MA","NR","Rotten",38,72,"Upright",94,6710,"Male",3,3,100
"s6434","Movie","The Hard Way",2019,"TV-MA","R","Fresh",77,22,"Spilled",52,11223,"Male",5,5,100
"s6452","Movie","The Highwaymen",2019,"R","R","Rotten",57,138,"Upright",73,1339,"Male",6,8,75
"s6508","Movie","The Irishman",2019,"R","R","Certified-Fresh",96,439,"",86,1057,"Male",14,19,74
"s6539","Movie","The Knight Before Christmas",2019,"TV-14","NR","Fresh",70,20,"Spilled",42,225,"Male",1,4,25
"s6564","Movie","The Last Laugh",2019,"TV-MA","NR","Rotten",53,15,"Spilled",36,145,"Male",5,7,71
"s6571","Movie","The Last Summer",2019,"TV-14","NR","Rotten",17,6,"Spilled",24,70,"Male",2,6,33
"s6576","Movie","The Laundromat",2019,"R","R","Rotten",41,167,"Spilled",40,900,"Male",6,10,60
"s6736","Movie","The Outsider",2019,"TV-MA","NR","Rotten",5,20,"Spilled",12,249,"Male",5,15,33
"s6736","Movie","The Outsider",2019,"TV-MA","NR","Rotten",17,23,"Upright",68,782,"Male",5,15,33
"s6736","Movie","The Outsider",2019,"TV-MA","NR","Rotten",47,17,"Spilled",37,41,"Male",5,15,33
"s6747","Movie","The Perfect Date",2019,"TV-14","NR","Fresh",65,17,"Spilled",36,548,"Male",5,6,83
"s6752","Movie","The Perfection",2019,"TV-MA","NR","Certified-Fresh",72,92,"Spilled",57,541,"Male",2,5,40
"s6964","TV Show","The Unicorn",2019,"TV-14","NR","Fresh",91,11,"Upright",65,218,"Male",2,4,50
"s7036","Movie","Then Came You",2019,"TV-14","NR","Rotten",59,22,"Upright",76,253,"Male",5,8,62
"s7229","Movie","Triple Frontier",2019,"R","R","Fresh",70,132,"Spilled",55,2034,"Male",5,6,83
"s7329","Movie","Uncut Gems",2019,"R","R","Certified-Fresh",92,331,"",52,12112,"Male",3,4,75
"s7349","Movie","Unicorn Store",2019,"TV-14","NR","Fresh",64,86,"Spilled",41,1590,"Male",4,8,50
"s7391","TV Show","Van Helsing",2019,"TV-MA","PG-13","Rotten",24,226,"Spilled",57,609042,"Male",5,6,83
"s7402","Movie","Velvet Buzzsaw",2019,"R","R","Fresh",62,182,"Spilled",35,1746,"Male",4,8,50
"s7633","Movie","Wine Country",2019,"R","R","Fresh",65,84,"Spilled",30,472,"Male",1,6,17
"s70","Movie","14 Cameras",2018,"TV-MA","NR","Rotten",22,9,"Spilled",23,124,"Male",1,4,25
"s126","Movie","6 Balloons",2018,"TV-MA","NR","Fresh",86,29,"Spilled",56,325,"Male",2,4,50
"s162","Movie","A Christmas Prince: The Royal Wedding",2018,"TV-PG","NR","Rotten",50,16,"Spilled",32,135,"Male",4,7,57
"s175","Movie","A Futile and Stupid Gesture",2018,"TV-MA","NR","Fresh",67,43,"Upright",71,563,"Male",8,12,67
"s256","Movie","A Wrinkle in Time",2018,"PG","PG","Rotten",42,334,"Spilled",26,8801,"Male",6,13,46
"s263","Movie","A.X.L.",2018,"PG","NR","Rotten",27,22,"Upright",60,789,"Male",8,9,89
"s449","Movie","Amateur",2018,"TV-MA","NR","Fresh",60,5,"Upright",67,115,"Male",2,3,67
"s547","Movie","Ant-Man and the Wasp",2018,"PG-13","PG-13","Certified-Fresh",87,426,"Upright",75,24677,"Male",8,12,67
"s636","Movie","Avengers: Infinity War",2018,"PG-13","PG-13","Certified-Fresh",85,472,"Upright",91,58720,"Male",20,27,74
"s905","Movie","Big Kill",2018,"R","R","Rotten",22,9,"Upright",60,86,"Male",7,9,78
"s935","Movie","Bird Box",2018,"R","R","Fresh",63,160,"Spilled",57,7325,"Male",4,9,44
"s960","Movie","Black Panther",2018,"PG-13","PG-13","Certified-Fresh",96,512,"Upright",79,88211,"Male",10,13,77
"s972","Movie","Blaze",2018,"R","R","Certified-Fresh",95,91,"Upright",68,832,"Male",7,16,44
"s972","Movie","Blaze",2018,"R","R","Fresh",73,11,"Spilled",47,2117,"Male",7,16,44
"s1077","Movie","Brampton's Own",2018,"TV-MA","NR","Rotten",40,5,"Spilled",59,27,"Male",4,8,50
"s1274","Movie","Change in the Air",2018,"PG","PG","Rotten",11,9,"Spilled",50,48,"Male",4,8,50
"s1374","Movie","Christopher Robin",2018,"PG","PG","Fresh",73,270,"Upright",83,5748,"Male",6,7,86
"s1412","Movie","Class Rank",2018,"TV-MA","NR","Fresh",86,14,"Upright",67,153,"Male",4,8,50
"s1470","Movie","Come Sunday",2018,"TV-14","NR","Fresh",68,34,"Upright",60,146,"Male",5,5,100
"s1695","Movie","Delirium",2018,"R","NR","Rotten",0,5,"Spilled",39,72,"Male",3,5,60
"s1702","Movie","Den of Thieves",2018,"R","R","Rotten",41,135,"Upright",62,4426,"Male",8,9,89
"s1888","Movie","Duck Butter",2018,"TV-MA","NR","Rotten",57,37,"Spilled",42,120,"Male",2,7,29
"s1895","Movie","Dumplin'",2018,"PG-13","NR","Certified-Fresh",85,62,"Upright",74,1114,"Male",2,8,25
"s2071","Movie","Extinction",2018,"TV-MA","NR","Rotten",33,24,"Spilled",47,1237,"Male",4,16,25
"s2071","Movie","Extinction",2018,"TV-MA","R","Rotten",18,11,"Spilled",33,1918,"Male",4,16,25
"s2132","Movie","Father of the Year",2018,"TV-MA","NR","Rotten",0,11,"Spilled",50,361,"Male",3,5,60
"s2186","Movie","First Match",2018,"TV-MA","NR","Fresh",85,20,"Upright",82,188,"Male",3,3,100
"s2266","Movie","Freak Show",2018,"TV-MA","NR","Rotten",52,42,"Upright",69,189,"Male",3,9,33
"s2346","Movie","Game Over, Man!",2018,"TV-MA","NR","Rotten",19,16,"Spilled",46,1030,"Male",7,9,78
"s2451","Movie","God Bless the Broken Road",2018,"PG","PG","Rotten",17,12,"Upright",78,250,"Male",2,8,25
"s2456","Movie","God's Not Dead: A Light in Darkness",2018,"PG","PG","Rotten",10,20,"Spilled",54,1199,"Male",3,5,60
"s2609","Movie","Happy Anniversary",2018,"TV-MA","NR","Fresh",83,6,"Spilled",52,171,"Male",4,7,57
"s2768","Movie","Hold the Dark",2018,"TV-MA","NR","Fresh",71,83,"Spilled",31,1204,"Male",5,7,71
"s2805","Movie","Hope Springs Eternal",2018,"PG","PG","Fresh",88,8,"Spilled",32,120,"Male",1,3,33
"s2830","Movie","Hotel Transylvania 3: Summer Vacation",2018,"PG","PG","Fresh",62,118,"Spilled",48,3485,"Male",7,11,64
"s2833","TV Show","House of Cards",2018,"TV-MA","PG-13","Rotten",56,9,"Upright",69,4108,"Male",10,21,48
"s2838","Movie","How It Ends",2018,"TV-MA","NR","Rotten",17,18,"Spilled",16,1524,"Male",2,5,40
"s2931","Movie","Ibiza",2018,"TV-MA","NR","Fresh",67,24,"Spilled",39,515,"Male",2,5,40
"s3061","Movie","Irreplaceable You",2018,"TV-MA","NR","Rotten",32,19,"Spilled",59,216,"Male",4,8,50
"s3219","Movie","Jonathan",2018,"TV-MA","NR","Fresh",63,27,"Spilled",56,196,"Male",4,7,57
"s3616","Movie","Lez Bomb",2018,"TV-14","NR","Fresh",89,9,"Upright",67,160,"Male",2,4,50
"s3639","Movie","Like Father",2018,"TV-MA","NR","Rotten",46,41,"Spilled",46,544,"Male",3,4,75
"s3740","TV Show","Love",2018,"TV-MA","NR","Rotten",39,92,"Spilled",38,3413,"Male",1,2,50
"s3908","TV Show","Maniac",2018,"TV-MA","NR","Rotten",53,74,"Spilled",44,12398,"Male",4,27,15
"s3908","TV Show","Maniac",2018,"TV-MA","R","Fresh",89,9,"Spilled",31,887,"Male",4,27,15
"s3908","TV Show","Maniac",2018,"TV-MA","R","Rotten",40,20,"Spilled",58,6799,"Male",4,27,15
"s3952","TV Show","Mars",2018,"TV-PG","NR","Fresh",86,7,"",NA,NA,"Male",2,4,50
"s4401","Movie","Nappily Ever After",2018,"TV-MA","NR","Fresh",71,14,"Upright",73,347,"Male",3,5,60
"s4464","Movie","Night Comes On",2018,"TV-MA","NR","Certified-Fresh",98,49,"Upright",79,393,"Male",2,2,100
"s4647","Movie","One Last Thing",2018,"TV-MA","R","Rotten",11,9,"Upright",61,21320,"Male",2,6,33
"s4710","Movie","Outside In",2018,"TV-MA","NR","Certified-Fresh",95,41,"Upright",77,339,"Male",2,6,33
"s4856","Movie","Piercing",2018,"R","R","Fresh",72,96,"Spilled",43,268,"Male",2,7,29
"s4979","Movie","Private Life",2018,"R","R","Certified-Fresh",94,104,"Upright",78,1000,"Male",3,7,43
"s5291","Movie","Roxanne Roxanne",2018,"TV-MA","NR","Fresh",70,30,"Upright",62,220,"Male",2,3,67
"s5504","Movie","Set It Up",2018,"TV-MA","NR","Certified-Fresh",92,59,"Upright",68,1302,"Male",4,7,57
"s5557","TV Show","She's Gotta Have It",2018,"TV-MA","R","Fresh",91,32,"Upright",73,6642,"Male",1,2,50
"s5573","TV Show","Shooter",2018,"TV-14","R","Rotten",47,149,"Upright",80,456528,"Male",3,5,60
"s5699","Movie","Solo: A Star Wars Story",2018,"PG-13","PG-13","Fresh",70,474,"Upright",64,43979,"Male",4,7,57
"s5755","Movie","Spider-Man: Into the Spider-Verse",2018,"PG","PG","Certified-Fresh",97,383,"Upright",93,20151,"Male",4,9,44
"s5812","Movie","Step Sisters",2018,"PG-13","PG-13","Rotten",22,9,"Spilled",46,168,"Male",2,8,25
"s5816","Movie","Steve Martin and Martin Short: An Evening You Will Forget for the Rest of Your Life",2018,"TV-14","NR","Fresh",100,10,"Upright",71,98,"Male",2,2,100
"s5942","Movie","Swiped",2018,"TV-14","NR","Rotten",17,6,"Spilled",59,1335,"Male",4,7,57
"s6073","Movie","The After Party",2018,"TV-MA","NR","Rotten",0,5,"Upright",87,393,"Male",3,5,60
"s6111","Movie","The Ballad of Buster Scruggs",2018,"R","R","Certified-Fresh",90,224,"Upright",77,3514,"Male",4,5,80
"s6219","Movie","The Christmas Chronicles",2018,"TV-PG","NR","Fresh",67,58,"Upright",77,1268,"Male",5,6,83
"s6236","Movie","The Competition",2018,"TV-14","NR","Rotten",17,6,"Spilled",53,139,"Male",2,6,33
"s6455","Movie","The Holiday Calendar",2018,"TV-G","NR","Rotten",33,6,"Spilled",35,101,"Male",2,5,40
"s6548","Movie","The Land of Steady Habits",2018,"TV-MA","NR","Certified-Fresh",83,41,"Spilled",47,315,"Male",6,9,67
"s6579","Movie","The Legacy of a Whitetail Deer Hunter",2018,"TV-14","NR","Rotten",30,23,"Spilled",42,136,"Male",3,4,75
"s6601","Movie","The Little Mermaid",2018,"PG","G","Certified-Fresh",93,71,"Upright",88,900315,"Male",2,7,29
"s6612","Movie","The Long Dumb Road",2018,"R","R","Fresh",75,28,"Spilled",51,182,"Male",2,7,29
"s6715","Movie","The Nutcracker and the Four Realms",2018,"PG","PG","Rotten",32,202,"Spilled",34,2313,"Male",6,12,50
"s6772","Movie","The Polka King",2018,"TV-14","NR","Fresh",66,35,"Spilled",49,385,"Male",5,8,62
"s6781","Movie","The Princess Switch",2018,"TV-G","NR","Fresh",75,12,"Spilled",48,461,"Male",1,3,33
"s6996","Movie","The Week Of",2018,"TV-14","NR","Rotten",27,26,"Spilled",33,602,"Male",3,4,75
"s7069","Movie","Thriller",2018,"TV-MA","NR","Rotten",40,25,"Spilled",15,34,"Male",5,6,83
"s7335","Movie","Under the Eiffel Tower",2018,"TV-MA","NR","Rotten",41,17,"Spilled",49,59,"Male",4,5,80
"s7562","Movie","What Still Remains",2018,"TV-14","NR","Fresh",90,10,"Spilled",47,378,"Male",4,6,67
"s7587","Movie","When We First Met",2018,"TV-14","NR","Rotten",43,23,"Spilled",57,867,"Male",2,4,50
"s7625","Movie","Wildlife",2018,"PG-13","PG-13","Certified-Fresh",93,206,"Upright",73,1888,"Male",4,6,67
"s7626","Movie","Wildling",2018,"R","R","Fresh",70,46,"Spilled",40,583,"Male",2,4,50
"s11","Movie","1922",2017,"TV-MA","NR","Certified-Fresh",91,43,"Spilled",57,1880,"Male",3,4,75
"s132","Movie","68 Kill",2017,"R","NR","Fresh",70,23,"Spilled",54,517,"Male",6,9,67
"s160","Movie","A Christmas Prince",2017,"TV-PG","NR","Fresh",73,11,"Spilled",47,317,"Male",1,3,33
"s176","Movie","A Ghost Story",2017,"R","R","Certified-Fresh",91,274,"Upright",66,16789,"Male",2,4,50
"s455","Movie","American Assassin",2017,"R","R","Rotten",34,175,"Upright",60,18483,"Male",5,6,83
"s716","Movie","Band Aid",2017,"R","NR","Certified-Fresh",87,71,"Upright",73,3249,"Male",4,12,33
"s807","Movie","Before I Fall",2017,"PG-13","PG-13","Fresh",65,122,"Spilled",56,9236,"Male",3,11,27
"s939","Movie","Bitch",2017,"R","NR","Fresh",67,39,"Spilled",30,224,"Male",4,9,44
"s992","TV Show","Bloodline",2017,"TV-MA","R","Rotten",53,19,"Spilled",56,111,"Male",9,14,64
"s1103","Movie","Bright",2017,"TV-MA","NR","Rotten",28,109,"Upright",83,19445,"Male",7,10,70
"s1148","Movie","Burning Sands",2017,"TV-MA","NR","Fresh",88,26,"Upright",60,314,"Male",6,10,60
"s1150","Movie","Bushwick",2017,"TV-MA","NR","Rotten",48,73,"Spilled",31,700,"Male",2,5,40
"s1368","Movie","Christmas Inheritance",2017,"TV-G","NR","Rotten",43,7,"Spilled",35,136,"Male",5,7,71
"s1532","Movie","Creep 2",2017,"TV-MA","NR","Fresh",100,23,"Upright",72,998,"Male",2,3,67
"s1552","Movie","Cult of Chucky",2017,"R","NR","Fresh",79,24,"Spilled",46,1702,"Male",4,9,44
"s1672","Movie","Death House",2017,"R","R","Rotten",40,5,"Spilled",39,213,"Male",8,13,62
"s1673","Movie","Death Note",2017,"TV-MA","NR","Rotten",38,76,"Spilled",24,6202,"Male",3,4,75
"s1689","Movie","Deidra & Laney Rob a Train",2017,"TV-14","NR","Fresh",92,24,"Spilled",57,237,"Male",3,11,27
"s1945","Movie","El Camino Christmas",2017,"TV-MA","NR","Rotten",40,5,"Spilled",39,232,"Male",4,5,80
"s2315","Movie","Fun Mom Dinner",2017,"R","R","Rotten",32,28,"Spilled",35,260,"Male",4,8,50
"s2380","Movie","Gerald's Game",2017,"TV-MA","NR","Certified-Fresh",91,76,"Upright",71,3730,"Male",2,4,50
"s2427","Movie","Girlfriend's Day",2017,"TV-MA","NR","Rotten",43,7,"Spilled",37,210,"Male",13,16,81
"s2491","Movie","Good Time",2017,"R","R","Certified-Fresh",92,238,"Upright",81,9189,"Male",1,2,50
"s2597","Movie","Hangman",2017,"R","NR","Fresh",100,6,"Spilled",33,137,"Male",5,18,28
"s2597","Movie","Hangman",2017,"R","R","Rotten",4,23,"Spilled",30,483,"Male",5,18,28
"s2718","Movie","Hickok",2017,"TV-MA","NR","Rotten",57,7,"Spilled",18,162,"Male",4,6,67
"s2817","Movie","Hostiles",2017,"R","R","Fresh",70,220,"Upright",75,5461,"Male",11,12,92
"s3254","Movie","Justice",2017,"R","R","Fresh",67,9,"",NA,NA,"Male",6,8,75
"s3366","Movie","Kickboxer: Retaliation",2017,"R","R","Fresh",92,13,"Upright",69,472,"Male",5,6,83
"s3459","Movie","Krystal",2017,"R","R","Rotten",14,22,"Spilled",44,136,"Male",5,9,56
"s3513","Movie","Lady Bird",2017,"R","R","Certified-Fresh",99,391,"Upright",79,22610,"Male",5,9,56
"s3660","Movie","Little Evil",2017,"TV-MA","NR","Fresh",92,12,"Spilled",47,1107,"Male",4,8,50
"s4068","Movie","Michael Bolton's Big, Sexy Valentine's Day Special",2017,"TV-MA","NR","Fresh",100,5,"Upright",62,74,"Male",18,25,72
"s4164","Movie","Mohawk",2017,"TV-MA","NR","Certified-Fresh",84,43,"Spilled",28,218,"Male",5,6,83
"s4271","Movie","Mudbound",2017,"R","R","Certified-Fresh",97,197,"Upright",85,5833,"Male",3,5,60
"s4394","Movie","Naked",2017,"TV-14","NR","Rotten",0,8,"Spilled",31,567,"Male",4,8,50
"s4455","Movie","Newness",2017,"TV-MA","NR","Fresh",69,16,"Upright",60,346,"Male",3,5,60
"s4542","Movie","November Criminals",2017,"PG-13","PG-13","Rotten",0,11,"Spilled",23,786,"Male",7,10,70
"s4700","Movie","Our Souls at Night",2017,"TV-14","NR","Certified-Fresh",88,42,"Upright",75,1006,"Male",3,7,43
"s4707","TV Show","Outlander",2017,"TV-MA","R","Rotten",37,62,"Spilled",44,46883,"Male",11,15,73
"s5253","Movie","Roger Corman's Death Race 2050",2017,"R","R","Fresh",88,8,"Spilled",33,395,"Male",2,5,40
"s5374","Movie","Sand Castle",2017,"TV-MA","NR","Rotten",47,17,"Spilled",44,589,"Male",6,6,100
"s5376","Movie","Sandy Wexler",2017,"TV-14","NR","Rotten",27,22,"Spilled",39,911,"Male",8,9,89
"s5408","Movie","Saturday Church",2017,"TV-MA","NR","Fresh",93,29,"Upright",75,214,"Male",1,2,50
"s5411","Movie","Savage Dog",2017,"TV-MA","NR","Fresh",69,13,"Spilled",42,137,"Male",5,5,100
"s5584","Movie","Shot Caller",2017,"R","R","Fresh",69,48,"Upright",80,3821,"Male",8,9,89
"s5675","Movie","Small Town Crime",2017,"R","R","Fresh",77,35,"Upright",67,646,"Male",8,11,73
"s5703","Movie","Some Freaks",2017,"TV-MA","NR","Fresh",92,12,"Upright",71,559,"Male",1,4,25
"s5712","TV Show","Somewhere Between",2017,"TV-14","NR","Fresh",88,24,"Upright",86,491,"Male",3,7,43
"s5748","Movie","Speech & Debate",2017,"PG-13","PG-13","Rotten",55,11,"Spilled",47,152,"Male",4,8,50
"s5890","Movie","Super Dark Times",2017,"TV-MA","NR","Certified-Fresh",90,48,"Upright",72,2733,"Male",2,2,100
"s6103","Movie","The Babysitter",2017,"TV-MA","NR","Fresh",72,29,"Upright",61,2334,"Male",4,18,22
"s6103","Movie","The Babysitter",2017,"TV-MA","R","Rotten",17,6,"Spilled",16,4844,"Male",4,18,22
"s6107","Movie","The Bachelors",2017,"TV-14","NR","Fresh",83,18,"Upright",74,323,"Male",6,9,67
"s6112","Movie","The Ballad of Lefty Brown",2017,"R","R","Fresh",79,28,"Spilled",54,587,"Male",5,6,83
"s6202","Movie","The Case for Christ",2017,"TV-PG","PG","Rotten",59,27,"Upright",87,47,"Male",4,6,67
"s6226","Movie","The Clapper",2017,"R","R","Rotten",23,26,"Spilled",31,261,"Male",5,8,62
"s6303","Movie","The Disaster Artist",2017,"R","R","Certified-Fresh",91,345,"Upright",85,15204,"Male",7,12,58
"s6306","Movie","The Discovery",2017,"TV-MA","NR","Rotten",45,62,"Spilled",43,1287,"Male",4,6,67
"s6333","Movie","The Endless",2017,"TV-MA","NR","Certified-Fresh",92,128,"Upright",67,3561,"Male",4,5,80
"s6363","Movie","The Florida Project",2017,"R","R","Certified-Fresh",96,308,"Upright",80,13337,"Male",2,2,100
"s6402","Movie","The Good Catholic",2017,"PG-13","PG-13","Rotten",46,13,"Upright",81,216,"Male",2,2,100
"s6486","Movie","The Incredible Jessica James",2017,"TV-MA","NR","Certified-Fresh",88,59,"Upright",66,807,"Male",1,5,20
"s6526","Movie","The Keeping Hours",2017,"PG-13","PG-13","Fresh",80,5,"Upright",71,117,"Male",2,8,25
"s6625","Movie","The Lovers",2017,"R","R","Rotten",8,13,"Spilled",20,1307,"Male",3,6,50
"s6663","Movie","The Meyerowitz Stories (New and Selected)",2017,"TV-MA","NR","Certified-Fresh",92,183,"Upright",72,5508,"Male",5,11,45
"s6734","Movie","The Outcasts",2017,"TV-14","PG-13","Rotten",56,9,"Spilled",47,2891,"Male",1,7,14
"s6847","Movie","The Saint",2017,"TV-14","PG-13","Rotten",30,46,"Upright",63,67535,"Male",8,10,80
"s6914","Movie","The Super",2017,"R","R","Rotten",0,9,"Spilled",43,6946,"Male",4,18,22
"s6914","Movie","The Super",2017,"R","R","Rotten",40,10,"Upright",64,276,"Male",4,18,22
"s6944","Movie","The Tribes of Palos Verdes",2017,"R","R","Fresh",64,22,"Spilled",58,259,"Male",5,9,56
"s6978","Movie","The Vault",2017,"TV-MA","NR","Rotten",25,28,"Spilled",26,536,"Male",2,4,50
"s7059","Movie","Thor: Ragnarok",2017,"PG-13","PG-13","Certified-Fresh",93,426,"Upright",87,94666,"Male",15,18,83
"s7098","Movie","Time Trap",2017,"TV-14","NR","Rotten",58,12,"Upright",65,758,"Male",3,3,100
"s7118","Movie","To the Bone",2017,"TV-MA","NR","Fresh",72,64,"Upright",64,4443,"Male",2,9,22
"s7186","Movie","Tramps",2017,"TV-MA","NR","Fresh",95,22,"Upright",68,629,"Male",3,5,60
"s7470","Movie","Walking Out",2017,"PG-13","PG-13","Certified-Fresh",90,49,"Spilled",56,867,"Male",4,5,80
"s7480","Movie","War Machine",2017,"TV-MA","NR","Rotten",48,92,"Spilled",34,5491,"Male",7,7,100
"s7576","Movie","Wheelman",2017,"TV-MA","NR","Fresh",88,24,"Upright",66,786,"Male",4,6,67
"s7630","Movie","Win It All",2017,"TV-MA","NR","Certified-Fresh",85,40,"Spilled",55,690,"Male",3,3,100
"s7658","Movie","Woodshock",2017,"R","R","Rotten",24,55,"Spilled",24,1109,"Male",2,4,50
"s7660","Movie","Woody Woodpecker",2017,"PG","PG","Rotten",13,8,"Spilled",32,210,"Male",4,5,80
"s7730","Movie","You Get Me",2017,"TV-MA","NR","",NA,NA,"Spilled",27,532,"Male",1,7,14
"s84","Movie","20th Century Women",2016,"R","R","Certified-Fresh",88,222,"Upright",74,12959,"Male",2,5,40
"s152","Movie","A Boy Called Po",2016,"PG","PG","Rotten",31,13,"Upright",80,102,"Male",5,8,62
"s191","Movie","A Kind of Murder",2016,"R","R","Rotten",35,17,"Spilled",14,503,"Male",3,6,50
"s756","Movie","Barry",2016,"TV-MA","NR","Certified-Fresh",80,46,"Spilled",52,882,"Male",4,7,57
"s765","Movie","Batman: The Killing Joke",2016,"R","R","Rotten",40,40,"Spilled",46,9753,"Male",6,7,86
"s999","Movie","Blue Jay",2016,"TV-MA","NR","Fresh",91,32,"Upright",77,2392,"Male",2,3,67
"s1081","Movie","Brave New Jersey",2016,"TV-MA","NR","Rotten",47,19,"Spilled",37,158,"Male",4,7,57
"s1152","Movie","Buster's Mal Heart",2016,"TV-MA","NR","Fresh",70,50,"Spilled",56,2023,"Male",5,9,56
"s1162","Movie","Cabin Fever",2016,"R","R","Fresh",62,140,"Spilled",44,250223,"Male",3,10,30
"s1162","Movie","Cabin Fever",2016,"R","R","Rotten",0,28,"Spilled",12,695,"Male",3,10,30
"s1228","Movie","Carrie Pilby",2016,"TV-MA","NR","Fresh",62,26,"Upright",73,1078,"Male",5,7,71
"s1246","Movie","Catfight",2016,"TV-MA","NR","Fresh",73,60,"Spilled",43,1152,"Male",4,8,50
"s1375","Movie","Chronically Metropolitan",2016,"TV-MA","NR","Rotten",40,10,"Spilled",38,49,"Male",3,6,50
"s1796","Movie","Dog Eat Dog",2016,"TV-MA","NR","Rotten",50,70,"Spilled",18,716,"Male",4,6,67
"s1821","Movie","Don't Think Twice",2016,"R","R","Certified-Fresh",98,135,"Upright",69,19250,"Male",4,6,67
"s1988","Movie","Emelie",2016,"TV-MA","NR","Fresh",88,34,"Spilled",41,1590,"Male",2,5,40
"s2260","Movie","Frank & Lola",2016,"TV-MA","NR","Fresh",69,42,"Spilled",42,2390,"Male",3,7,43
"s2275","Movie","Free State of Jones",2016,"R","R","Rotten",47,187,"Upright",64,20821,"Male",6,8,75
"s2283","TV Show","Frequency",2016,"TV-14","PG-13","Certified-Fresh",70,125,"Upright",81,135884,"Male",5,7,71
"s2293","TV Show","From Dusk Till Dawn",2016,"TV-MA","R","Fresh",62,50,"Upright",76,273797,"Male",6,7,86
"s2481","Movie","Good Kids",2016,"R","R","Rotten",33,6,"Spilled",41,403,"Male",4,7,57
"s2528","Movie","Greater",2016,"PG","PG","Fresh",67,15,"Upright",85,3160,"Male",7,8,88
"s2691","Movie","Hell or High Water",2016,"R","R","Certified-Fresh",97,280,"Upright",88,40088,"Male",6,9,67
"s2878","Movie","Hush",2016,"R","NR","Rotten",50,8,"Spilled",37,1587,"Male",2,9,22
"s2878","Movie","Hush",2016,"R","PG-13","Rotten",12,41,"Spilled",35,8190,"Male",2,9,22
"s2878","Movie","Hush",2016,"R","R","Certified-Fresh",93,40,"Upright",73,6681,"Male",2,9,22
"s2907","Movie","I Am Wrath",2016,"R","R","Rotten",11,9,"Spilled",33,1450,"Male",6,8,75
"s2960","Movie","In a Valley of Violence",2016,"R","R","Certified-Fresh",77,69,"Spilled",51,4096,"Male",6,8,75
"s2979","Movie","Incarnate",2016,"PG-13","PG-13","Rotten",17,35,"Spilled",23,3325,"Male",4,8,50
"s3347","Movie","Kevin Hart: What Now?",2016,"R","R","Fresh",76,59,"Spilled",58,10366,"Male",4,5,80
"s3367","Movie","Kickboxer: Vengeance",2016,"TV-MA","NR","Rotten",39,33,"Spilled",43,1120,"Male",6,8,75
"s3382","Movie","Kill Ratio",2016,"TV-MA","NR","Rotten",0,5,"Spilled",18,47,"Male",1,2,50
"s3750","Movie","Love Beats Rhymes",2016,"R","R","Rotten",44,9,"Upright",68,83,"Male",1,4,25
"s3979","Movie","Mascots",2016,"TV-MA","NR","Rotten",49,47,"Spilled",36,667,"Male",10,15,67
"s4042","Movie","Mercy",2016,"TV-MA","R","Rotten",43,14,"Spilled",56,403,"Male",5,7,71
"s4223","Movie","Moonlight",2016,"R","R","Certified-Fresh",98,384,"Upright",79,45533,"Male",5,12,42
"s4223","Movie","Moonlight",2016,"R","R","Fresh",60,10,"Upright",67,1430,"Male",5,12,42
"s4250","Movie","Mr. Church",2016,"PG-13","PG-13","Rotten",24,33,"Upright",80,4653,"Male",4,8,50
"s4315","Movie","My Entire High School Sinking Into the Sea",2016,"PG-13","PG-13","Certified-Fresh",85,71,"Spilled",56,527,"Male",5,9,56
"s4504","Movie","Nocturnal Animals",2016,"R","R","Certified-Fresh",74,296,"Upright",73,30150,"Male",6,11,55
"s4511","Movie","Norman Lear: Just Another Version of You",2016,"TV-MA","NR","Certified-Fresh",86,43,"Upright",67,492,"Male",6,8,75
"s4580","Movie","Officer Downe",2016,"R","R","Rotten",33,12,"Spilled",30,173,"Male",4,7,57
"s4665","Movie","Opening Night",2016,"TV-MA","PG-13","Fresh",96,27,"Upright",91,4352,"Male",5,8,62
"s4675","Movie","Operator",2016,"TV-MA","NR","Fresh",100,6,"Upright",60,426,"Male",2,4,50
"s4682","Movie","Ordinary World",2016,"TV-14","NR","Rotten",47,17,"Spilled",46,464,"Male",6,10,60
"s5074","Movie","Rainbow Time",2016,"TV-MA","NR","Fresh",67,15,"Spilled",48,67,"Male",3,4,75
"s5126","Movie","Rebirth",2016,"TV-MA","PG","Fresh",92,13,"Upright",79,135,"Male",7,9,78
"s5977","Movie","Tallulah",2016,"TV-MA","NR","Certified-Fresh",85,54,"Upright",69,3370,"Male",4,8,50
"s6013","Movie","Teenage Cocktail",2016,"TV-MA","NR","Fresh",100,5,"Spilled",51,259,"Male",3,6,50
"s6025","Movie","Term Life",2016,"R","R","Rotten",0,7,"Spilled",32,1498,"Male",8,10,80
"s6108","Movie","The Bad Batch",2016,"R","R","Rotten",47,98,"Spilled",30,2868,"Male",4,6,67
"s6271","Movie","The Darkness",2016,"PG-13","PG-13","Rotten",3,33,"Spilled",19,6724,"Male",4,7,57
"s6319","Movie","The Duel",2016,"R","R","Rotten",26,19,"Spilled",30,1146,"Male",5,7,71
"s6341","Movie","The Eyes of My Mother",2016,"R","R","Certified-Fresh",78,99,"Spilled",57,3283,"Male",2,6,33
"s6368","Movie","The Forest",2016,"PG-13","PG-13","Rotten",10,137,"Spilled",22,14614,"Male",2,4,50
"s6379","Movie","The Fundamentals of Caring",2016,"TV-MA","NR","Fresh",77,35,"Upright",83,5941,"Male",4,6,67
"s6405","Movie","The Good Neighbor",2016,"TV-MA","NR","Rotten",29,14,"Spilled",46,927,"Male",4,8,50
"s6458","Movie","The Hollow Point",2016,"R","R","Rotten",40,15,"Spilled",31,428,"Male",4,5,80
"s6559","Movie","The Last Face",2016,"R","R","Rotten",8,48,"Spilled",33,577,"Male",3,6,50
"s6575","Movie","The Late Bloomer",2016,"R","R","Rotten",20,10,"Spilled",22,450,"Male",5,9,56
"s6890","Movie","The Space Between Us",2016,"PG-13","PG-13","Rotten",16,135,"Spilled",54,14410,"Male",3,6,50
"s6929","Movie","The Tiger Hunter",2016,"TV-14","NR","Fresh",78,18,"Upright",79,652,"Male",7,8,88
"s7028","Movie","The Young Messiah",2016,"PG-13","PG","Rotten",49,39,"Upright",66,5950,"Male",3,4,75
"s7228","Movie","Triple 9",2016,"R","R","Rotten",54,181,"Spilled",41,19660,"Male",7,10,70
"s7378","Movie","USS Indianapolis: Men of Courage",2016,"R","R","Rotten",17,12,"Spilled",30,2226,"Male",9,9,100
"s7423","Movie","Vincent N Roxxy",2016,"R","R","Rotten",41,17,"Upright",65,256,"Male",3,5,60
"s7464","Movie","Wakefield",2016,"R","R","Certified-Fresh",72,69,"Spilled",52,6893,"Male",3,5,60
"s7653","Movie","Wolves",2016,"R","R","Rotten",25,20,"Spilled",32,677,"Male",5,14,36
"s7653","Movie","Wolves",2016,"R","R","Rotten",33,27,"Spilled",45,155,"Male",5,14,36
"s7686","Movie","XOXO",2016,"TV-MA","NR","Fresh",71,7,"Spilled",52,520,"Male",4,6,67
"s7715","Movie","Yoga Hosers",2016,"PG-13","PG-13","Rotten",23,60,"Spilled",35,4615,"Male",8,10,80
"s99","Movie","3 Generations",2015,"PG-13","PG-13","Rotten",32,44,"Spilled",44,2711,"Male",2,8,25
"s129","Movie","6 Years",2015,"TV-MA","NR","Fresh",69,13,"Spilled",35,776,"Male",4,8,50
"s514","Movie","Anesthesia",2015,"R","R","Rotten",25,44,"Spilled",50,730,"Male",6,12,50
"s970","Movie","Blackway",2015,"PG-13","R","Rotten",20,5,"Spilled",28,879,"Male",8,9,89
"s1395","Movie","Circle",2015,"TV-MA","NR","Rotten",50,6,"Spilled",42,1444,"Male",7,11,64
"s1500","Movie","Cop Car",2015,"R","R","Certified-Fresh",80,86,"Spilled",53,7424,"Male",3,5,60
"s1604","Movie","Danny Says",2015,"TV-MA","NR","Fresh",74,31,"Spilled",51,172,"Male",3,3,100
"s1811","Movie","Don Verdean",2015,"PG-13","PG-13","Rotten",29,38,"Spilled",23,1424,"Male",4,6,67
"s2199","Movie","Five Nights in Maine",2015,"TV-MA","NR","Rotten",28,29,"Spilled",30,128,"Male",2,6,33
"s2533","Movie","Green Room",2015,"R","R","Certified-Fresh",91,237,"Upright",75,21801,"Male",7,9,78
"s2601","TV Show","Hannibal",2015,"TV-MA","R","Rotten",39,171,"Upright",62,403137,"Male",5,8,62
"s2896","Movie","I Am Michael",2015,"TV-MA","NR","Fresh",64,36,"Spilled",37,3599,"Male",5,8,62
"s2921","Movie","I'll See You in My Dreams",2015,"PG-13","PG-13","Certified-Fresh",93,91,"Upright",68,12162,"Male",3,9,33
"s3145","Movie","Jem and the Holograms",2015,"PG","PG","Rotten",22,79,"Spilled",40,6093,"Male",1,2,50
"s3642","Movie","Lila & Eve",2015,"R","R","Rotten",40,40,"Spilled",41,1476,"Male",5,9,56
"s3918","Movie","Manson Family Vacation",2015,"TV-MA","NR","Fresh",100,14,"Spilled",56,433,"Male",3,4,75
"s4153","Movie","Mississippi Grind",2015,"R","R","Certified-Fresh",91,118,"Spilled",55,8518,"Male",3,7,43
"s4166","Movie","Mojave",2015,"R","R","Rotten",31,65,"Spilled",29,391,"Male",5,6,83
"s4428","Movie","Natural Selection",2015,"R","R","Fresh",74,35,"Upright",68,1073,"Male",3,6,50
"s5172","Movie","Results",2015,"R","R","Certified-Fresh",84,95,"Spilled",36,3583,"Male",4,7,57
"s5202","TV Show","Richie Rich",2015,"TV-G","PG","Rotten",24,21,"Spilled",31,228300,"Male",1,2,50
"s5662","Movie","Sleeping with Other People",2015,"R","R","Fresh",63,131,"Spilled",57,8802,"Male",3,6,50
"s5770","Movie","Spotlight",2015,"R","R","Certified-Fresh",97,367,"Upright",93,70385,"Male",8,9,89
"s6063","Movie","The Adderall Diaries",2015,"R","R","Rotten",23,35,"Spilled",28,629,"Male",9,11,82
"s6300","Movie","The Diabolical",2015,"TV-MA","NR","Rotten",40,10,"Spilled",19,440,"Male",4,6,67
"s6435","Movie","The Hateful Eight",2015,"R","R","Certified-Fresh",75,332,"Upright",76,73440,"Male",7,11,64
"s6506","Movie","The Invitation",2015,"TV-MA","NR","Certified-Fresh",88,104,"Upright",69,13734,"Male",4,8,50
"s6661","TV Show","The Messengers",2015,"TV-14","PG-13","Rotten",12,84,"Spilled",44,491937,"Male",2,3,67
"s6843","Movie","The Runner",2015,"R","R","Rotten",24,38,"Spilled",22,1255,"Male",4,7,57
"s6853","Movie","The Sea of Trees",2015,"PG-13","PG-13","Rotten",17,52,"Spilled",42,2255,"Male",3,5,60
"s6904","Movie","The Stanford Prison Experiment",2015,"R","R","Certified-Fresh",84,99,"Upright",75,13818,"Male",8,9,89
"s6947","Movie","The Trust",2015,"R","R","Fresh",63,46,"Spilled",29,2563,"Male",5,6,83
"s6977","Movie","The Vatican Tapes",2015,"PG-13","PG-13","Rotten",20,45,"Spilled",59,3162,"Male",7,9,78
"s7167","Movie","Tracers",2015,"PG-13","PG-13","Rotten",24,29,"Spilled",37,5182,"Male",4,5,80
"s7257","Movie","Trumbo",2015,"R","PG-13","Certified-Fresh",83,54,"Upright",78,36047,"Male",6,18,33
"s7257","Movie","Trumbo",2015,"R","R","Certified-Fresh",74,205,"Upright",79,22825,"Male",6,18,33
"s7543","TV Show","Wet Hot American Summer",2015,"TV-MA","R","Rotten",38,76,"Upright",76,39653,"Male",21,29,72
"s7590","Movie","While We're Young",2015,"R","R","Certified-Fresh",84,205,"Spilled",51,20647,"Male",6,10,60
"s66","Movie","13 Sins",2014,"R","R","Fresh",65,43,"Spilled",45,4527,"Male",4,5,80
"s119","Movie","5 Flights Up",2014,"PG-13","PG-13","Rotten",46,63,"Spilled",43,2838,"Male",3,8,38
"s121","Movie","5 to 7",2014,"R","R","Fresh",70,56,"Upright",71,2374,"Male",3,6,50
"s592","Movie","As Above, So Below",2014,"R","R","Rotten",26,77,"Spilled",40,22353,"Male",2,3,67
"s908","Movie","Big Stone Gap",2014,"PG-13","PG-13","Rotten",38,21,"Spilled",53,1224,"Male",6,15,40
"s1191","Movie","Camp X-Ray",2014,"R","R","Certified-Fresh",75,59,"Upright",63,5194,"Male",3,5,60
"s1303","Movie","Chef",2014,"R","R","Certified-Fresh",87,189,"Upright",85,59852,"Male",8,11,73
"s1558","Movie","Cut Bank",2014,"R","R","Rotten",37,38,"Spilled",29,2187,"Male",5,7,71
"s1806","Movie","Dolphin Tale 2",2014,"PG","PG","Fresh",66,87,"Upright",72,28066,"Male",6,10,60
"s1905","Movie","Earth to Echo",2014,"PG","PG","Rotten",50,125,"Spilled",47,33968,"Male",2,4,50
"s2455","Movie","God's Not Dead",2014,"PG","PG","Rotten",12,25,"Upright",75,41386,"Male",4,7,57
"s2482","Movie","Good Kill",2014,"R","R","Certified-Fresh",75,124,"Spilled",49,8946,"Male",5,7,71
"s2852","Movie","How to Train Your Dragon 2",2014,"PG","PG","Certified-Fresh",91,186,"Upright",90,188572,"Male",8,11,73
"s2958","Movie","Imperial Dreams",2014,"TV-MA","NR","Fresh",92,12,"Upright",83,634,"Male",4,6,67
"s3158","Movie","Jersey Boys",2014,"R","R","Rotten",51,220,"Upright",62,25505,"Male",5,6,83
"s3384","Movie","Kill the Messenger",2014,"R","R","Certified-Fresh",77,128,"Upright",69,16615,"Male",8,11,73
"s3624","Movie","Life After Beth",2014,"R","R","Rotten",44,95,"Spilled",30,7100,"Male",5,9,56
"s3687","Movie","Lizzie Borden Took an Ax",2014,"TV-14","NR","Rotten",40,15,"Spilled",34,437,"Male",4,8,50
"s3903","Movie","Manglehorn",2014,"PG-13","PG-13","Rotten",51,85,"Spilled",24,1560,"Male",2,3,67
"s4056","TV Show","Metallica: Some Kind of Monster",2014,"TV-MA","R","Certified-Fresh",89,123,"Upright",83,23676,"Male",3,3,100
"s4254","Movie","Mr. Peabody & Sherman",2014,"PG","PG","Certified-Fresh",81,137,"Upright",73,73286,"Male",7,11,64
"s4284","Movie","Muppets Most Wanted",2014,"PG","PG","Certified-Fresh",80,199,"Spilled",58,65051,"Male",7,8,88
"s4470","Movie","Nightcrawler",2014,"R","R","Certified-Fresh",95,271,"Upright",85,86158,"Male",6,9,67
"s4560","Movie","Obvious Child",2014,"R","R","Certified-Fresh",90,165,"Upright",72,16202,"Male",4,10,40
"s5449","Movie","Search Party",2014,"R","R","Rotten",11,19,"Spilled",31,1603,"Male",4,7,57
"s5825","Movie","Stonehearst Asylum",2014,"PG-13","PG-13","Rotten",54,56,"Spilled",49,5105,"Male",7,10,70
"s6723","Movie","The One I Love",2014,"R","R","Certified-Fresh",82,93,"Upright",76,10135,"Male",2,3,67
"s6759","Movie","The Pirate Fairy",2014,"G","G","Fresh",81,21,"Upright",70,3351,"Male",7,15,47
"s6870","Movie","The Signal",2014,"PG-13","PG-13","Fresh",61,90,"Spilled",38,14733,"Male",3,10,30
"s6870","Movie","The Signal",2014,"PG-13","R","Rotten",59,70,"Spilled",58,9740,"Male",3,10,30
"s7276","Movie","Tusk",2014,"R","R","Rotten",45,131,"Spilled",36,12341,"Male",5,5,100
"s7642","Movie","Wish I Was Here",2014,"R","R","Rotten",47,129,"Spilled",59,17437,"Male",7,10,70
"s80","Movie","20 Feet From Stardom",2013,"PG-13","PG-13","Certified-Fresh",99,126,"Upright",82,13510,"Male",4,9,44
"s184","Movie","A Haunted House",2013,"R","R","Rotten",9,53,"Spilled",51,91785,"Male",8,10,80
"s216","Movie","A Perfect Man",2013,"R","R","Rotten",20,5,"Spilled",23,316,"Male",3,6,50
"s998","Movie","Blue Jasmine",2013,"PG-13","PG-13","Certified-Fresh",91,228,"Upright",77,49099,"Male",7,10,70
"s1428","Movie","Cloudy with a Chance of Meatballs 2",2013,"PG","PG","Fresh",70,121,"Upright",66,123893,"Male",7,8,88
"s1482","Movie","Concussion",2013,"R","PG-13","Rotten",59,201,"Upright",74,32775,"Male",1,10,10
"s1482","Movie","Concussion",2013,"R","R","Certified-Fresh",75,59,"Spilled",58,1910,"Male",1,10,10
"s1584","Movie","Dallas Buyers Club",2013,"R","R","Certified-Fresh",93,257,"Upright",91,92788,"Male",4,6,67
"s1619","Movie","Dark Skies",2013,"PG-13","PG-13","Rotten",41,93,"Spilled",49,29217,"Male",4,6,67
"s2304","Movie","Fruitvale Station",2013,"R","R","Certified-Fresh",94,212,"Upright",87,39225,"Male",4,6,67
"s2414","Movie","Gimme Shelter",2013,"PG-13","PG-13","Rotten",29,77,"Upright",63,8200,"Male",1,14,7
"s2414","Movie","Gimme Shelter",2013,"PG-13","R","Fresh",93,29,"Upright",91,6412,"Male",1,14,7
"s2701","Movie","Her",2013,"R","R","Certified-Fresh",95,278,"Upright",82,101535,"Male",3,8,38
"s3567","Movie","Lee Daniels' The Butler",2013,"PG-13","PG-13","Fresh",72,197,"Upright",78,79307,"Male",13,17,76
"s4245","Movie","Movie 43",2013,"R","R","Rotten",4,89,"Spilled",24,35680,"Male",25,36,69
"s4465","Movie","Night Moves",2013,"R","R","Certified-Fresh",86,152,"Spilled",42,12236,"Male",5,16,31
"s4465","Movie","Night Moves",2013,"R","R","Fresh",83,18,"Upright",71,3367,"Male",5,16,31
"s4608","Movie","Olympus Has Fallen",2013,"R","R","Rotten",49,197,"Upright",66,148655,"Male",8,12,67
"s4643","Movie","One Direction: This Is Us",2013,"PG","PG","Fresh",63,93,"Upright",79,31241,"Male",5,5,100
"s5430","Movie","Scary Movie 5",2013,"PG-13","PG-13","Rotten",4,52,"Spilled",38,236208,"Male",3,8,38
"s5581","Movie","Short Term 12",2013,"R","R","Certified-Fresh",98,173,"Upright",92,21495,"Male",3,7,43
"s5742","TV Show","Spartacus",2013,"TV-MA","PG-13","Certified-Fresh",93,61,"Upright",87,78097,"Male",7,9,78
"s6243","Movie","The Conjuring",2013,"R","R","Certified-Fresh",86,223,"Upright",83,159386,"Male",2,8,25
"s6253","Movie","The Croods",2013,"PG","PG","Fresh",71,143,"Upright",77,193687,"Male",4,7,57
"s6378","Movie","The Frozen Ground",2013,"R","R","Fresh",61,57,"Spilled",50,15595,"Male",5,8,62
"s6891","Movie","The Spectacular Now",2013,"R","R","Certified-Fresh",91,169,"Upright",76,38587,"Male",5,9,56
"s7271","Movie","Turbo",2013,"PG","PG","Fresh",66,113,"Upright",65,89573,"Male",11,13,85
"s7674","Movie","Would You Rather",2013,"TV-MA","NR","Rotten",59,22,"Spilled",36,2924,"Male",9,12,75
"s177","Movie","A Glimpse Inside the Mind of Charles Swan III",2012,"R","R","Rotten",16,56,"Spilled",26,3137,"Male",4,8,50
"s241","Movie","A Thousand Words",2012,"PG-13","PG-13","Rotten",0,58,"Spilled",47,74930,"Male",5,8,62
"s299","Movie","Act of Valor",2012,"R","R","Rotten",27,142,"Upright",72,80446,"Male",5,6,83
"s614","Movie","Atlas Shrugged: Part II",2012,"PG-13","PG-13","Rotten",4,23,"Upright",60,12870,"Male",7,9,78
"s1313","Movie","Chernobyl Diaries",2012,"R","R","Rotten",19,89,"Spilled",28,141913,"Male",6,9,67
"s1788","Movie","Django Unchained",2012,"R","R","Certified-Fresh",87,288,"Upright",91,429231,"Male",11,15,73
"s2003","Movie","End of Watch",2012,"R","R","Certified-Fresh",85,179,"Upright",86,85487,"Male",4,9,44
"s2756","Movie","Hit & Run",2012,"R","R","Rotten",48,136,"Spilled",49,30755,"Male",7,10,70
"s3203","Movie","John Carter",2012,"PG-13","PG-13","Rotten",52,236,"Upright",60,114636,"Male",22,28,79
"s3393","Movie","Killing Them Softly",2012,"R","R","Certified-Fresh",73,229,"Spilled",44,121513,"Male",11,11,100
"s3550","Movie","Lawless",2012,"R","R","Fresh",66,217,"Upright",74,108183,"Male",8,10,80
"s4270","Movie","Mud",2012,"PG-13","PG-13","Certified-Fresh",97,181,"Upright",80,87830,"Male",7,9,78
"s4771","Movie","ParaNorman",2012,"PG","PG","Certified-Fresh",89,183,"Upright",72,83093,"Male",7,13,54
"s4882","Movie","Playing for Keeps",2012,"PG-13","PG-13","Rotten",4,91,"Spilled",41,20513,"Male",4,9,44
"s5148","Movie","Reincarnated",2012,"R","R","Rotten",28,29,"Spilled",41,492,"Male",2,2,100
"s5341","Movie","Safety Not Guaranteed",2012,"R","R","Certified-Fresh",91,150,"Upright",80,46913,"Male",4,8,50
"s5611","Movie","Silver Linings Playbook",2012,"R","R","Certified-Fresh",92,256,"Upright",86,260499,"Male",7,10,70
"s6294","Movie","The Devil Inside",2012,"R","R","Rotten",6,90,"Spilled",22,45193,"Male",1,4,25
"s6647","Movie","The Master",2012,"R","R","Certified-Fresh",85,253,"Upright",61,50579,"Male",6,10,60
"s6753","Movie","The Perks of Being a Wallflower",2012,"PG-13","PG-13","Certified-Fresh",86,166,"Upright",89,138915,"Male",5,11,45
"s105","Movie","30 Minutes or Less",2011,"R","R","Rotten",45,164,"Spilled",40,47024,"Male",6,8,75
"s123","Movie","50/50",2011,"R","R","Certified-Fresh",93,199,"Upright",88,86803,"Male",6,11,55
"s588","Movie","Arthur",2011,"PG-13","PG","Fresh",88,33,"Upright",77,33549,"Male",4,16,25
"s588","Movie","Arthur",2011,"PG-13","PG-13","Rotten",27,192,"Spilled",44,45552,"Male",4,16,25
"s819","Movie","Being Elmo: A Puppeteer's Journey",2011,"PG","PG","Certified-Fresh",95,78,"Upright",87,10140,"Male",1,2,50
"s2794","Movie","Honey 2",2011,"PG-13","PG-13","Rotten",10,21,"Spilled",53,4609,"Male",2,8,25
"s2802","Movie","Hop",2011,"PG","PG","Rotten",24,139,"Spilled",53,107400,"Male",6,10,60
"s2910","Movie","I Don't Know How She Does It",2011,"PG-13","PG-13","Rotten",17,113,"Spilled",32,23430,"Male",5,12,42
"s3244","Movie","Jumping the Broom",2011,"PG-13","PG-13","Rotten",58,85,"Spilled",58,19552,"Male",7,14,50
"s3257","Movie","Justin Bieber: Never Say Never",2011,"G","G","Fresh",65,107,"Upright",65,62206,"Male",4,5,80
"s3383","Movie","Kill the Irishman",2011,"R","R","Fresh",62,52,"Upright",67,9519,"Male",8,10,80
"s4695","Movie","Our Idiot Brother",2011,"R","R","Fresh",70,142,"Spilled",51,40733,"Male",5,11,45
"s5013","Movie","Puss in Boots",2011,"PG","PG","Certified-Fresh",86,154,"Upright",67,78977,"Male",5,8,62
"s5099","Movie","Rango",2011,"PG","PG","Certified-Fresh",88,222,"Upright",69,120191,"Male",8,10,80
"s5452","Movie","Season of the Witch",2011,"PG-13","PG-13","Rotten",11,124,"Spilled",30,79868,"Male",7,8,88
"s5728","Movie","Soul Surfer",2011,"PG","PG","Rotten",45,106,"Upright",75,41684,"Male",12,17,71
"s6426","Movie","The Green Hornet",2011,"PG-13","PG-13","Rotten",45,238,"Spilled",43,116412,"Male",9,10,90
"s6448","Movie","The Help",2011,"PG-13","PG-13","Certified-Fresh",76,227,"Upright",89,107868,"Male",11,27,41
"s6693","Movie","The Muppets",2011,"PG","PG","Certified-Fresh",95,228,"Upright",80,89767,"Male",7,9,78
"s6834","Movie","The Roommate",2011,"PG-13","PG-13","Rotten",3,86,"Spilled",27,43407,"Male",4,11,36
"s7737","Movie","Young Adult",2011,"R","R","Certified-Fresh",80,195,"Spilled",49,35181,"Male",3,9,33
"s1004","Movie","Blue Valentine",2010,"R","R","Certified-Fresh",87,209,"Upright",77,59213,"Male",5,8,62
"s1142","Movie","Burlesque",2010,"PG-13","PG-13","Rotten",37,175,"Upright",64,66137,"Male",5,10,50
"s1669","Movie","Death at a Funeral",2010,"R","R","Fresh",62,132,"Upright",79,65073,"Male",11,30,37
"s1669","Movie","Death at a Funeral",2010,"R","R","Rotten",43,138,"Spilled",45,103012,"Male",11,30,37
"s1767","Movie","Dinner for Schmucks",2010,"PG-13","PG-13","Rotten",42,190,"Spilled",42,119531,"Male",8,10,80
"s1913","Movie","Easy A",2010,"PG-13","PG-13","Certified-Fresh",85,190,"Upright",77,129018,"Male",5,10,50
"s1915","Movie","Eat Pray Love",2010,"PG-13","PG-13","Rotten",36,203,"Spilled",42,100439,"Male",5,8,62
"s2222","Movie","For Colored Girls",2010,"R","R","Rotten",32,109,"Upright",73,29011,"Male",5,14,36
"s2383","Movie","Get Him to the Greek",2010,"R","R","Certified-Fresh",72,200,"Upright",62,213775,"Male",4,7,57
"s2919","Movie","I Will Follow",2010,"TV-14","NR","Fresh",82,11,"Upright",66,484,"Male",2,6,33
"s3391","Movie","Killers",2010,"PG-13","NR","Fresh",73,15,"Upright",65,2205,"Male",5,20,25
"s3391","Movie","Killers",2010,"PG-13","PG-13","Rotten",10,108,"Spilled",41,139460,"Male",5,20,25
"s3578","Movie","Legion",2010,"R","R","Rotten",19,105,"Spilled",31,312758,"Male",10,14,71
"s5159","Movie","Remember Me",2010,"PG-13","PG-13","Rotten",27,139,"Upright",69,411657,"Male",5,8,62
"s5521","Movie","Sex and the City 2",2010,"R","R","Rotten",16,217,"Spilled",43,324282,"Male",7,11,64
"s5558","Movie","She's Out of My League",2010,"R","R","Rotten",58,132,"Spilled",59,106277,"Male",6,9,67
"s5561","Movie","Shelter",2010,"R","R","Fresh",60,20,"Upright",85,3982,"Male",1,4,25
"s5658","Movie","Skyline",2010,"PG-13","PG-13","Rotten",16,83,"Spilled",18,67279,"Male",6,10,60
"s5967","Movie","Takers",2010,"PG-13","PG-13","Rotten",28,114,"Upright",62,125511,"Male",9,11,82
"s6156","Movie","The Book of Eli",2010,"R","R","Rotten",47,205,"Upright",64,350712,"Male",6,9,67
"s6163","Movie","The Bounty Hunter",2010,"PG-13","PG-13","Rotten",12,148,"Spilled",51,263966,"Male",8,12,67
"s6235","Movie","The Company Men",2010,"R","R","Fresh",67,169,"Spilled",55,33914,"Male",6,9,67
"s6349","Movie","The Fighter",2010,"R","R","Certified-Fresh",90,250,"Upright",89,121498,"Male",4,9,44
"s6551","Movie","The Last Airbender",2010,"PG","PG","Rotten",5,191,"Spilled",30,322458,"Male",9,12,75
"s6730","Movie","The Other Guys",2010,"PG-13","PG-13","Certified-Fresh",78,207,"Upright",60,160676,"Male",7,10,70
"s6842","Movie","The Runaways",2010,"R","R","Fresh",69,189,"Spilled",55,86191,"Male",3,10,30
"s6885","Movie","The Social Network",2010,"PG-13","PG-13","Certified-Fresh",96,321,"Upright",86,204126,"Male",7,9,78
"s6897","Movie","The Spy Next Door",2010,"PG","PG","Rotten",12,90,"Spilled",40,106272,"Male",5,8,62
"s7639","Movie","Winter's Bone",2010,"R","R","Certified-Fresh",94,174,"Upright",76,51756,"Male",3,7,43
"s73","Movie","17 Again",2009,"PG-13","PG-13","Rotten",56,148,"Upright",67,466035,"Male",5,10,50
"s4","Movie","9",2009,"PG-13","PG-13","Rotten",57,184,"Spilled",56,282166,"Male",7,8,88
"s230","Movie","A Single Man",2009,"R","R","Certified-Fresh",85,192,"Upright",81,58244,"Male",6,10,60
"s1112","Movie","Brooklyn's Finest",2009,"R","R","Rotten",45,152,"Spilled",46,101105,"Male",7,10,70
"s1229","Movie","Carriers",2009,"PG-13","PG-13","Fresh",66,38,"Spilled",39,93949,"Male",4,7,57
"s1397","Movie","Cirque du Freak: The Vampire's Assistant",2009,"PG-13","PG-13","Rotten",38,140,"Spilled",42,495160,"Male",11,15,73
"s1503","Movie","Coraline",2009,"PG","PG","Certified-Fresh",90,268,"Upright",73,384726,"Male",4,8,50
"s2287","Movie","Friday the 13th",2009,"R","R","Fresh",64,56,"Upright",61,229175,"Male",8,22,36
"s2287","Movie","Friday the 13th",2009,"R","R","Rotten",26,174,"Spilled",46,221519,"Male",8,22,36
"s2324","Movie","G-Force",2009,"PG","PG","Rotten",22,127,"Spilled",39,964669,"Male",11,14,79
"s2480","Movie","Good Hair",2009,"PG-13","PG-13","Certified-Fresh",95,83,"Upright",69,49238,"Male",2,6,33
"s3043","Movie","Invictus",2009,"PG-13","PG-13","Certified-Fresh",77,244,"Upright",75,211936,"Male",7,10,70
"s3238","Movie","Julie & Julia",2009,"PG-13","PG-13","Certified-Fresh",77,226,"Upright",70,363508,"Male",2,8,25
"s4074","Movie","Middle Men",2009,"R","R","Rotten",40,53,"Spilled",56,19282,"Male",8,10,80
"s4356","Movie","My Sister's Keeper",2009,"PG-13","PG-13","Rotten",48,137,"Upright",72,365345,"Male",5,10,50
"s4800","Movie","Paul Blart: Mall Cop",2009,"PG","PG","Rotten",34,116,"Spilled",43,393200,"Male",7,10,70
"s5055","Movie","Race to Witch Mountain",2009,"PG","PG","Rotten",43,155,"Spilled",44,348199,"Male",21,28,75
"s6164","Movie","The Box",2009,"PG-13","PG-13","Rotten",44,155,"Spilled",24,359098,"Male",4,8,50
"s6351","Movie","The Final Destination",2009,"R","R","Rotten",28,100,"Spilled",35,603795,"Male",5,9,56
"s6407","Movie","The Goods: Live Hard, Sell Hard",2009,"R","R","Rotten",27,102,"Spilled",37,74196,"Male",12,14,86
"s6492","Movie","The Informant!",2009,"R","R","Certified-Fresh",79,231,"Spilled",44,359272,"Male",8,9,89
"s6502","Movie","The Invention of Lying",2009,"PG-13","PG-13","Rotten",56,188,"Spilled",39,667296,"Male",5,9,56
"s6780","Movie","The Princess and the Frog",2009,"G","G","Certified-Fresh",85,198,"Upright",74,261226,"Male",22,30,73
"s6932","Movie","The Time Traveler's Wife",2009,"PG-13","PG-13","Rotten",38,159,"Spilled",59,982892,"Male",5,9,56
"s6957","Movie","The Ugly Truth",2009,"R","R","Rotten",14,174,"Upright",60,1399310,"Male",6,11,55
"s7368","Movie","Up in the Air",2009,"R","R","Certified-Fresh",91,285,"Upright",79,228473,"Male",7,11,64
"s7779","Movie","Zombieland",2009,"R","R","Certified-Fresh",89,255,"Upright",86,643354,"Male",4,7,57
"s5","Movie","21",2008,"PG-13","PG-13","Rotten",35,170,"Upright",66,367852,"Male",9,12,75
"s332","Movie","Afterschool",2008,"TV-MA","NR","Certified-Fresh",80,44,"Spilled",48,1604,"Male",7,10,70
"s803","Movie","Bedtime Stories",2008,"PG","PG","Rotten",27,111,"Spilled",55,216519,"Male",13,24,54
"s1031","Movie","Bolt",2008,"PG","PG","Certified-Fresh",89,187,"Upright",74,315295,"Male",14,17,82
"s1429","Movie","Cloverfield",2008,"PG-13","PG-13","Certified-Fresh",77,210,"Upright",68,420231,"Male",5,8,62
"s1686","Movie","Defiance",2008,"R","R","Rotten",58,186,"Upright",72,251337,"Male",10,14,71
"s1837","Movie","Doubt",2008,"PG-13","PG-13","Certified-Fresh",80,217,"Upright",78,162497,"Male",1,9,11
"s2303","Movie","Frozen River",2008,"R","R","Certified-Fresh",88,135,"Upright",74,85868,"Male",5,6,83
"s2389","Movie","Get Smart",2008,"PG-13","PG-13","Rotten",50,222,"Upright",67,451258,"Male",10,11,91
"s2631","Movie","Harold & Kumar Escape from Guantanamo Bay",2008,"R","R","Rotten",52,136,"Upright",60,377894,"Male",7,10,70
"s2991","Movie","Indiana Jones and the Kingdom of the Crystal Skull",2008,"PG-13","PG-13","Certified-Fresh",78,274,"Spilled",54,1320715,"Male",6,8,75
"s3840","Movie","Mad Money",2008,"PG-13","PG-13","Rotten",22,106,"Spilled",48,135238,"Male",8,12,67
"s3844","Movie","Madagascar: Escape 2 Africa",2008,"PG","PG","Fresh",64,157,"Upright",66,366236,"Male",8,10,80
"s4102","Movie","Milk",2008,"R","R","Certified-Fresh",93,244,"Upright",89,178019,"Male",10,11,91
"s4862","Movie","Pineapple Express",2008,"R","R","Fresh",68,203,"Upright",73,302423,"Male",7,10,70
"s5056","Movie","Rachel Getting Married",2008,"R","R","Certified-Fresh",84,202,"Upright",62,37858,"Male",4,8,50
"s5208","Movie","Righteous Kill",2008,"R","R","Rotten",18,146,"Spilled",37,90444,"Male",6,8,75
"s5516","Movie","Seven Pounds",2008,"PG-13","PG-13","Rotten",26,194,"Upright",75,636605,"Male",8,14,57
"s5524","Movie","Sex Drive",2008,"R","R","Rotten",45,110,"Spilled",58,74319,"Male",8,11,73
"s5676","Movie","Smart People",2008,"R","R","Rotten",49,150,"Spilled",39,102377,"Male",5,9,56
"s5810","Movie","Step Brothers",2008,"R","R","Rotten",55,205,"Upright",69,365915,"Male",5,8,62
"s6383","TV Show","The Game",2008,"TV-14","R","Fresh",74,58,"Upright",84,141823,"Male",2,5,40
"s6442","Movie","The Haunting of Molly Hartley",2008,"PG-13","PG-13","Rotten",2,41,"Spilled",18,62312,"Male",4,11,36
"s6615","Movie","The Longshots",2008,"PG","PG","Rotten",41,71,"Upright",61,22657,"Male",6,9,67
"s6893","Movie","The Spiderwick Chronicles",2008,"PG","PG","Certified-Fresh",80,147,"Upright",63,355118,"Male",6,9,67
"s7184","Movie","Traitor",2008,"PG-13","PG-13","Fresh",65,169,"Upright",64,64213,"Male",7,9,78
"s7393","Movie","Vantage Point",2008,"PG-13","PG-13","Rotten",34,158,"Spilled",57,373541,"Male",6,9,67
"s7759","Movie","Zack and Miri Make a Porno",2008,"R","R","Fresh",66,200,"Upright",66,237090,"Male",10,14,71
"s964","Movie","Black Snake Moan",2007,"R","R","Fresh",66,162,"Upright",69,413565,"Male",4,8,50
"s1450","Movie","Code Name: The Cleaner",2007,"PG-13","PG-13","Rotten",4,84,"Spilled",38,38623,"Male",5,7,71
"s2038","Movie","Evan Almighty",2007,"PG","PG","Rotten",23,195,"Spilled",52,839640,"Male",8,10,80
"s2270","Movie","Fred Claus",2007,"PG","PG","Rotten",21,143,"Spilled",45,371516,"Male",5,9,56
"s2824","Movie","Hot Rod",2007,"PG-13","PG-13","Rotten",39,118,"Upright",64,304639,"Male",8,10,80
"s3035","Movie","Into the Wild",2007,"R","R","Certified-Fresh",83,198,"Upright",89,179452,"Male",5,9,56
"s4261","Movie","Mr. Woodcock",2007,"PG-13","PG-13","Rotten",14,111,"Spilled",32,246601,"Male",5,9,56
"s4457","Movie","Next",2007,"PG-13","PG-13","Rotten",28,130,"Spilled",53,339643,"Male",8,10,80
"s4495","Movie","No Reservations",2007,"PG","PG","Rotten",42,162,"Upright",62,394551,"Male",2,7,29
"s4565","Movie","Ocean's Thirteen",2007,"PG-13","PG-13","Fresh",70,199,"Upright",75,1532643,"Male",8,9,89
"s4721","Movie","P.S. I Love You",2007,"PG-13","PG-13","Rotten",25,104,"Upright",80,254211,"Male",5,10,50
"s4768","Movie","Paranormal Activity",2007,"R","R","Certified-Fresh",83,204,"Spilled",57,273989,"Male",3,6,50
"s4829","Movie","Perfect Stranger",2007,"R","R","Rotten",10,142,"Spilled",51,336528,"Male",5,9,56
"s5754","Movie","Spider-Man 3",2007,"PG-13","PG-13","Fresh",62,261,"Spilled",51,2265043,"Male",9,14,64
"s5907","Movie","Superbad",2007,"R","R","Certified-Fresh",88,209,"Upright",87,634613,"Male",7,9,78
"s5919","Movie","Surf's Up",2007,"PG","PG","Certified-Fresh",79,147,"Upright",70,631245,"Male",8,9,89
"s6172","Movie","The Brave One",2007,"R","R","Rotten",43,185,"Upright",64,274408,"Male",4,9,44
"s6185","Movie","The Bucket List",2007,"PG-13","PG-13","Rotten",41,175,"Upright",77,271579,"Male",6,8,75
"s6321","Movie","The Dukes of Hazzard: The Beginning",2007,"R","R","Rotten",20,5,"Spilled",47,11570,"Male",8,10,80
"s6446","Movie","The Heartbreak Kid",2007,"R","R","Rotten",28,158,"Spilled",37,315366,"Male",6,9,67
"s6517","Movie","The Jane Austen Book Club",2007,"PG-13","PG-13","Fresh",66,116,"Upright",67,26998,"Male",4,11,36
"s7039","Movie","There Will Be Blood",2007,"R","R","Certified-Fresh",92,236,"Upright",86,255192,"Male",7,8,88
"s7775","Movie","Zodiac",2007,"R","R","Certified-Fresh",89,253,"Upright",77,494309,"Male",9,10,90
"s418","Movie","All the Boys Love Mandy Lane",2006,"R","R","Rotten",45,67,"Spilled",31,27847,"Male",5,9,56
"s1417","Movie","Click",2006,"PG-13","PG-13","Rotten",34,174,"Upright",66,874835,"Male",7,10,70
"s1998","Movie","Employee of the Month",2006,"PG-13","PG-13","Rotten",20,92,"Spilled",53,422040,"Male",9,20,45
"s1998","Movie","Employee of the Month",2006,"PG-13","R","Rotten",11,9,"Spilled",52,10533,"Male",9,20,45
"s3517","Movie","Lady in the Water",2006,"PG-13","PG-13","Rotten",25,213,"Spilled",49,419598,"Male",6,10,60
"s4200","Movie","Monster House",2006,"PG","PG","Certified-Fresh",75,162,"Upright",63,199638,"Male",8,11,73
"s4653","TV Show","One on One",2006,"TV-14","PG","Fresh",88,8,"Upright",75,527,"Male",2,3,67
"s4664","Movie","Open Season",2006,"PG","PG","Rotten",48,101,"Spilled",57,468633,"Male",6,9,67
"s4916","Movie","Poseidon",2006,"PG-13","PG-13","Rotten",33,203,"Spilled",43,342101,"Male",5,9,56
"s5911","Movie","Superman Returns",2006,"PG-13","PG-13","Certified-Fresh",75,267,"Upright",61,517038,"Male",6,9,67
"s6177","Movie","The Break-Up",2006,"PG-13","PG-13","Rotten",34,192,"Spilled",46,450347,"Male",7,11,64
"s6543","Movie","The Lake House",2006,"PG","PG","Rotten",35,156,"Upright",73,429951,"Male",4,8,50
"s6791","Movie","The Pursuit of Happyness",2006,"PG-13","PG-13","Fresh",67,176,"Upright",87,563450,"Male",5,7,71
"s7315","Movie","Unaccompanied Minors",2006,"PG","PG","Rotten",29,90,"Spilled",53,45489,"Male",6,10,60
"s7668","Movie","World Trade Center",2006,"PG-13","PG-13","Fresh",67,233,"Upright",60,363593,"Male",9,12,75
"s7782","Movie","Zoom",2006,"PG","PG","Rotten",4,68,"Spilled",33,11369,"Male",6,9,67
"s1098","Movie","Brick",2005,"R","R","Certified-Fresh",80,142,"Upright",86,105728,"Male",5,8,62
"s1326","Movie","Chicken Little",2005,"G","G","Rotten",37,164,"Spilled",47,470707,"Male",10,12,83
"s2757","Movie","Hitch",2005,"PG-13","PG-13","Fresh",69,188,"Upright",62,32624083,"Male",5,9,56
"s2879","Movie","Hustle & Flow",2005,"R","R","Certified-Fresh",83,160,"Upright",83,120178,"Male",5,9,56
"s3245","Movie","Junebug",2005,"R","R","Certified-Fresh",86,136,"Upright",73,46871,"Male",7,12,58
"s6082","Movie","The Amityville Horror",2005,"R","R","Rotten",23,163,"Spilled",52,360757,"Male",5,20,25
"s6082","Movie","The Amityville Horror",2005,"R","R","Rotten",27,44,"Spilled",52,86899,"Male",5,20,25
"s6320","Movie","The Dukes of Hazzard",2005,"PG-13","PG-13","Rotten",14,170,"Spilled",47,409871,"Male",7,8,88
"s6900","Movie","The Squid and the Whale",2005,"R","R","Certified-Fresh",92,154,"Upright",81,79037,"Male",6,9,67
"s7746","Movie","Yours, Mine and Ours",2005,"PG","NR","Rotten",50,12,"Upright",80,57777,"Male",5,8,62
"s122","Movie","50 First Dates",2004,"PG-13","PG-13","Rotten",45,176,"Upright",65,32700188,"Male",6,10,60
"s2692","Movie","Hellboy",2004,"PG-13","PG-13","Certified-Fresh",81,203,"Upright",66,458988,"Male",8,18,44
"s2692","Movie","Hellboy",2004,"PG-13","R","Rotten",18,215,"Spilled",49,4665,"Male",8,18,44
"s4425","Movie","National Treasure",2004,"PG","PG","Rotten",46,179,"Upright",76,924124,"Male",6,7,86
"s4454","Movie","New York Minute",2004,"PG","PG","Rotten",11,119,"Spilled",47,84036,"Male",6,10,60
"s4566","Movie","Ocean's Twelve",2004,"PG-13","PG-13","Rotten",55,185,"Upright",60,672964,"Male",7,9,78
"s5667","Movie","Sleepover",2004,"PG","PG","Rotten",15,101,"Spilled",54,87021,"Male",3,10,30
"s5799","Movie","Starsky & Hutch",2004,"PG-13","PG-13","Fresh",62,193,"Spilled",49,383792,"Male",6,9,67
"s6770","Movie","The Polar Express",2004,"G","G","Rotten",56,208,"Upright",63,242291,"Male",5,8,62
"s523","Movie","Anger Management",2003,"PG-13","PG-13","Rotten",42,194,"Upright",60,745851,"Male",8,12,67
"s689","Movie","Bad Boys II",2003,"R","R","Rotten",23,184,"Upright",78,501951,"Male",8,10,80
"s1579","Movie","Daddy Day Care",2003,"PG","PG","Rotten",27,132,"Spilled",48,472605,"Male",5,11,45
"s1842","Movie","Dr. Seuss' The Cat in the Hat",2003,"PG","PG","Rotten",9,161,"Spilled",51,292,"Male",5,8,62
"s1894","Movie","Dumb and Dumberer: When Harry Met Lloyd",2003,"PG-13","PG-13","Rotten",10,119,"Spilled",23,258935,"Male",6,9,67
"s4026","Movie","Melvin Goes to Dinner",2003,"R","R","Fresh",100,11,"Upright",80,2750,"Male",4,8,50
"s4173","Movie","Mona Lisa Smile",2003,"PG-13","PG-13","Rotten",34,152,"Upright",60,208232,"Male",3,10,30
"s5323","Movie","S.W.A.T.",2003,"PG-13","PG-13","Rotten",48,168,"Spilled",52,273563,"Male",12,13,92
"s5710","Movie","Something's Gotta Give",2003,"PG-13","PG-13","Fresh",72,171,"Upright",69,208025,"Male",4,8,50
"s6005","Movie","Tears of the Sun",2003,"R","R","Rotten",33,155,"Upright",69,119745,"Male",8,9,89
"s6650","Movie","The Matrix Reloaded",2003,"R","R","Certified-Fresh",73,245,"Upright",72,942742,"Male",7,12,58
"s6651","Movie","The Matrix Revolutions",2003,"R","R","Rotten",35,216,"Upright",60,792201,"Male",6,11,55
"s251","Movie","A Walk to Remember",2002,"PG","PG","Rotten",27,103,"Upright",78,31402117,"Male",4,7,57
"s626","Movie","Austin Powers in Goldmember",2002,"PG-13","PG-13","Rotten",53,187,"Spilled",44,32935203,"Male",7,8,88
"s2019","Movie","Equilibrium",2002,"R","R","Rotten",41,91,"Upright",81,268171,"Male",7,7,100
"s4033","Movie","Men in Black II",2002,"PG-13","PG-13","Rotten",39,198,"Spilled",45,926060,"Male",8,10,80
"s4251","Movie","Mr. Deeds",2002,"PG-13","PG-13","Rotten",22,156,"Spilled",59,738396,"Male",8,10,80
"s4742","Movie","Paid in Full",2002,"R","R","Rotten",53,43,"Upright",93,20675,"Male",5,9,56
"s4754","Movie","Panic Room",2002,"R","R","Certified-Fresh",75,186,"Upright",63,235911,"Male",5,8,62
"s5775","Movie","Spy Kids 2: The Island of Lost Dreams",2002,"PG","PG","Certified-Fresh",75,136,"Spilled",39,126296,"Male",8,12,67
"s5859","Movie","Stuart Little 2",2002,"PG","PG","Certified-Fresh",81,124,"Spilled",41,179720,"Male",6,8,75
"s6823","Movie","The Ring",2002,"PG-13","PG-13","Fresh",71,207,"Spilled",48,32459459,"Male",3,10,30
"s6952","Movie","The Tuxedo",2002,"PG-13","PG-13","Rotten",21,140,"Spilled",30,220696,"Male",6,9,67
"s518","Movie","Angel Eyes",2001,"R","R","Rotten",33,132,"Spilled",46,66154,"Male",4,7,57
"s994","Movie","Blow",2001,"R","R","Rotten",55,141,"Upright",87,384877,"Male",7,10,70
"s2054","Movie","Evolution",2001,"PG-13","NR","Certified-Fresh",83,63,"Spilled",44,2500,"Male",9,20,45
"s2054","Movie","Evolution",2001,"PG-13","PG-13","Rotten",43,138,"Spilled",48,259038,"Male",9,20,45
"s2065","Movie","Exit Wounds",2001,"R","R","Rotten",33,66,"Spilled",45,51466,"Male",9,11,82
"s2678","Movie","Heartbreakers",2001,"PG-13","PG-13","Rotten",53,122,"Spilled",51,71303,"Male",6,10,60
"s3131","Movie","Jay and Silent Bob Strike Back",2001,"R","R","Rotten",52,153,"Upright",75,304234,"Male",6,9,67
"s3315","Movie","Kate & Leopold",2001,"PG-13","PG-13","Rotten",50,129,"Upright",62,189869,"Male",8,10,80
"s5774","Movie","Spy Kids",2001,"PG","PG","Certified-Fresh",93,128,"Spilled",46,427435,"Male",7,10,70
"s5949","Movie","Swordfish",2001,"R","R","Rotten",25,138,"Spilled",59,244611,"Male",7,10,70
"s7160","Movie","Tortilla Soup",2001,"PG-13","PG-13","Certified-Fresh",74,72,"Upright",71,5188,"Male",3,8,38
"s95","Movie","28 Days",2000,"PG-13","PG-13","Rotten",33,85,"Spilled",50,319745,"Male",5,10,50
"s1257","Movie","Center Stage",2000,"PG-13","PG-13","Rotten",42,81,"Upright",82,104272,"Male",1,6,17
"s2164","Movie","Final Destination",2000,"R","R","Rotten",35,95,"Upright",68,483542,"Male",7,10,70
"s2840","Movie","How the Grinch Stole Christmas",2000,"PG","NR","Fresh",100,25,"Upright",98,93,"Male",5,9,56
"s3667","Movie","Little Nicky",2000,"PG-13","PG-13","Rotten",22,115,"Spilled",56,460366,"Male",8,9,89
"s5429","Movie","Scary Movie",2000,"R","R","Rotten",53,116,"Spilled",43,32582014,"Male",9,15,60
"s5444","Movie","Scream 3",2000,"R","R","Rotten",39,122,"Spilled",37,404832,"Male",7,13,54
"s5683","Movie","Snow Day",2000,"PG","PG","Rotten",29,66,"Spilled",27,49562,"Male",5,9,56
"s5733","Movie","Space Cowboys",2000,"PG-13","PG-13","Certified-Fresh",78,119,"Spilled",53,72948,"Male",9,12,75
"s6362","Movie","The Flintstones in Viva Rock Vegas",2000,"PG","PG","Rotten",25,72,"Spilled",20,44092,"Male",4,7,57
"s6727","Movie","The Original Kings of Comedy",2000,"R","R","Certified-Fresh",83,103,"Upright",80,17874,"Male",3,3,100
"s7559","Movie","What Lies Beneath",2000,"PG-13","PG-13","Rotten",46,125,"Spilled",58,278987,"Male",4,11,36
"s456","Movie","American Beauty",1999,"R","R","Certified-Fresh",87,190,"Upright",93,660578,"Male",6,10,60
"s628","Movie","Austin Powers: The Spy Who Shagged Me",1999,"PG-13","PG-13","Rotten",52,90,"Upright",71,942294,"Male",7,10,70
"s902","Movie","Big Daddy",1999,"PG-13","PG-13","Rotten",39,94,"Upright",74,1052217,"Male",7,10,70
"s3861","Movie","Magnolia",1999,"R","R","Certified-Fresh",83,147,"Upright",89,192966,"Male",11,15,73
"s5303","Movie","Runaway Bride",1999,"PG","PG","Rotten",46,87,"Spilled",53,437985,"Male",7,12,58
"s5915","Movie","Superstar",1999,"PG-13","PG-13","Rotten",32,74,"Upright",60,64797,"Male",6,10,60
"s5989","Movie","Tarzan",1999,"G","G","Certified-Fresh",89,105,"Upright",75,370288,"Male",5,14,36
"s5989","Movie","Tarzan",1999,"G","PG","Rotten",20,30,"Spilled",33,3661,"Male",5,14,36
"s6649","Movie","The Matrix",1999,"R","R","Certified-Fresh",88,154,"Upright",85,33324202,"Male",7,10,70
"s6921","Movie","The Talented Mr. Ripley",1999,"R","R","Certified-Fresh",83,133,"Upright",80,131708,"Male",7,10,70
"s7624","Movie","Wild Wild West",1999,"PG-13","PG-13","Rotten",17,131,"Spilled",28,464323,"Male",5,9,56
"s211","Movie","A Night at the Roxbury",1998,"PG-13","PG-13","Rotten",11,55,"Upright",69,362857,"Male",6,10,60
"s467","Movie","American History X",1998,"R","R","Certified-Fresh",83,86,"Upright",96,479824,"Male",8,10,80
"s758","Movie","BASEketball",1998,"R","R","Rotten",42,52,"Upright",74,196388,"Male",6,8,75
"s1195","Movie","Can't Hardly Wait",1998,"PG-13","PG-13","Rotten",40,62,"Upright",63,82791,"Male",7,10,70
"s1923","Movie","Edge of Seventeen",1998,"TV-MA","R","Fresh",78,23,"Upright",73,3827,"Male",1,3,33
"s2098","Movie","Fallen",1998,"R","PG-13","Rotten",7,14,"Upright",66,1962,"Male",8,18,44
"s2098","Movie","Fallen",1998,"R","R","Rotten",40,57,"Upright",72,51975,"Male",8,18,44
"s2136","Movie","Fear and Loathing in Las Vegas",1998,"R","R","Rotten",49,69,"Upright",89,279333,"Male",11,15,73
"s5289","Movie","Rounders",1998,"R","R","Fresh",65,80,"Upright",87,78238,"Male",8,9,89
"s5438","Movie","Scooby-Doo on Zombie Island",1998,"TV-PG","NR","Fresh",86,7,"Upright",78,43859,"Male",4,7,57
"s5674","Movie","Small Soldiers",1998,"PG-13","PG-13","Rotten",48,44,"Spilled",45,123482,"Male",7,8,88
"s6840","Movie","The Rugrats Movie",1998,"G","G","Rotten",59,51,"Spilled",50,73681,"Male",6,14,43
"s6991","Movie","The Waterboy",1998,"PG-13","PG-13","Rotten",34,76,"Upright",71,910804,"Male",6,8,75
"s593","Movie","As Good as It Gets",1997,"PG-13","PG-13","Certified-Fresh",85,79,"Upright",86,378698,"Male",4,8,50
"s627","Movie","Austin Powers: International Man of Mystery",1997,"PG-13","PG-13","Fresh",71,63,"Upright",77,848324,"Male",7,11,64
"s1289","Movie","Chasing Amy",1997,"R","R","Certified-Fresh",87,85,"Upright",83,197083,"Male",5,6,83
"s1605","Movie","Dante's Peak",1997,"PG-13","PG-13","Rotten",26,31,"Spilled",38,238773,"Male",6,10,60
"s1824","Movie","Donnie Brasco",1997,"R","R","Certified-Fresh",88,57,"Upright",89,204164,"Male",9,10,90
"s2477","Movie","Good Burger",1997,"PG","PG","Rotten",32,38,"Upright",63,55295,"Male",6,8,75
"s2842","Movie","How to Be a Player",1997,"R","R","Rotten",11,9,"Upright",76,6950,"Male",5,8,62
"s3104","Movie","Jackie Brown",1997,"R","R","Certified-Fresh",87,84,"Upright",85,215362,"Male",7,10,70
"s3764","Movie","Love Jones",1997,"R","R","Fresh",73,15,"Upright",97,25712,"Male",5,7,71
"s4032","Movie","Men in Black",1997,"PG-13","PG-13","Certified-Fresh",92,90,"Upright",79,1049370,"Male",6,7,86
"s4178","Movie","Money Talks",1997,"R","R","Rotten",16,19,"Upright",71,38975,"Male",5,8,62
"s5443","Movie","Scream 2",1997,"R","R","Certified-Fresh",81,78,"Spilled",57,412628,"Male",8,18,44
"s6745","Movie","The Peacemaker",1997,"R","R","Rotten",43,35,"Spilled",39,45616,"Male",6,7,86
"s795","Movie","Beavis and Butt-head Do America",1996,"PG-13","PG-13","Fresh",72,53,"Upright",69,301847,"Male",5,7,71
"s1850","Movie","Dragonheart",1996,"PG-13","PG-13","Rotten",50,30,"Upright",60,326626,"Male",6,8,75
"s3405","Movie","Kingpin",1996,"PG-13","PG-13","Rotten",50,38,"Upright",69,81301,"Male",6,8,75
"s4970","Movie","Primal Fear",1996,"R","R","Certified-Fresh",76,45,"Upright",89,65365,"Male",9,13,69
"s5668","Movie","Sling Blade",1996,"R","R","Certified-Fresh",96,56,"Upright",92,56105,"Male",9,10,90
"s5850","Movie","Striptease",1996,"R","R","Rotten",11,70,"Spilled",24,53986,"Male",7,9,78
"s6246","Movie","The Craft",1996,"R","R","Rotten",56,57,"Upright",65,259910,"Male",4,10,40
"s6356","Movie","The First Wives Club",1996,"PG","PG","Rotten",50,72,"Upright",68,62646,"Male",5,13,38
"s6945","Movie","The Trigger Effect",1996,"R","R","Fresh",75,24,"Spilled",43,2473,"Male",5,6,83
"s688","Movie","Bad Boys",1995,"R","R","Fresh",89,19,"Upright",81,61585,"Male",7,18,39
"s688","Movie","Bad Boys",1995,"R","R","Rotten",42,64,"Upright",78,660862,"Male",7,18,39
"s709","Movie","Balto",1995,"G","G","Rotten",54,24,"Upright",70,71758,"Male",7,8,88
"s2848","Movie","How to Make an American Quilt",1995,"PG-13","PG-13","Fresh",61,33,"Upright",63,11399,"Male",6,17,35
"s3077","Movie","It Takes Two",1995,"PG","PG","Rotten",8,24,"Upright",60,135219,"Male",2,6,33
"s3368","Movie","Kicking and Screaming",1995,"R","R","Rotten",57,37,"Upright",76,8633,"Male",6,8,75
"s4543","Movie","Now and Then",1995,"PG-13","PG-13","Rotten",32,19,"Upright",82,76152,"Male",1,10,10
"s6081","Movie","The American President",1995,"PG-13","PG-13","Certified-Fresh",91,56,"Upright",77,55066,"Male",7,13,54
"s6490","Movie","The Indian in the Cupboard",1995,"PG","PG","Fresh",73,22,"Spilled",40,60743,"Male",7,9,78
"s7120","Movie","To Wong Foo, Thanks for Everything! Julie Newmar",1995,"PG-13","PG-13","Rotten",39,38,"Upright",71,50676,"Male",7,14,50
"s5003","Movie","Pulp Fiction",1994,"R","R","Certified-Fresh",92,106,"Upright",96,1127813,"Male",8,12,67
"s6254","Movie","The Crow",1994,"R","R","Certified-Fresh",83,58,"Upright",90,377274,"Male",8,12,67
"s6361","Movie","The Flintstones",1994,"PG","PG","Rotten",22,46,"Spilled",24,261112,"Male",6,9,67
"s6706","Movie","The Next Karate Kid",1994,"PG","PG","Rotten",7,27,"Spilled",24,61034,"Male",4,6,67
"s6829","Movie","The River Wild",1994,"PG-13","PG-13","Rotten",56,32,"Spilled",51,46933,"Male",6,9,67
"s7682","Movie","Wyatt Earp",1994,"PG-13","PG-13","Rotten",44,27,"Upright",61,50200,"Male",10,12,83
"s167","Movie","A Dangerous Woman",1993,"R","R","Rotten",50,12,"Spilled",31,1238,"Male",4,9,44
"s4845","Movie","Philadelphia",1993,"PG-13","PG-13","Certified-Fresh",80,56,"Upright",89,183357,"Male",8,9,89
"s5431","Movie","Schindler's List",1993,"R","R","Certified-Fresh",97,100,"Upright",97,411608,"Male",6,8,75
"s5450","Movie","Searching for Bobby Fischer",1993,"PG","PG","Certified-Fresh",100,44,"Upright",86,22622,"Male",8,10,80
"s5669","Movie","Sliver",1993,"R","R","Rotten",11,27,"Spilled",28,17522,"Male",4,10,40
"s6746","Movie","The Pelican Brief",1993,"PG-13","PG-13","Rotten",53,53,"Upright",61,75639,"Male",9,10,90
"s7571","Movie","What's Eating Gilbert Grape",1993,"PG-13","PG-13","Certified-Fresh",90,49,"Upright",89,301721,"Male",5,10,50
"s796","Movie","Bebe's Kids",1992,"PG-13","PG-13","Rotten",30,10,"Upright",74,10118,"Male",3,7,43
"s4787","Movie","Passenger 57",1992,"R","R","Rotten",24,25,"Spilled",38,56276,"Male",7,9,78
"s4795","Movie","Patriot Games",1992,"R","R","Fresh",73,41,"Upright",73,70710,"Male",7,10,70
"s2800","Movie","Hook",1991,"PG","PG","Rotten",29,65,"Upright",76,731223,"Male",5,9,56
"s4321","Movie","My Girl",1991,"PG-13","PG-13","Rotten",53,17,"Upright",77,394678,"Male",4,7,57
"s6553","Movie","The Last Boy Scout",1991,"R","R","Rotten",47,36,"Upright",68,60243,"Male",5,8,62
"s2494","Movie","GoodFellas",1990,"R","R","Certified-Fresh",96,100,"Upright",97,429632,"Male",9,9,100
"s5250","Movie","Rocky V",1990,"PG-13","PG-13","Rotten",29,35,"Spilled",31,268209,"Male",7,8,88
"s7208","Movie","Tremors",1990,"PG-13","PG-13","Certified-Fresh",86,44,"Upright",75,240153,"Male",7,12,58
"s1576","Movie","Dad",1989,"PG","PG","Fresh",60,10,"Upright",60,4768,"Male",9,12,75
"s2992","Movie","Indiana Jones and the Last Crusade",1989,"PG-13","PG-13","Certified-Fresh",88,72,"Upright",94,768536,"Male",9,10,90
"s3666","Movie","Little Monsters",1989,"PG","NR","Certified-Fresh",80,128,"",100,9,"Male",7,16,44
"s3666","Movie","Little Monsters",1989,"PG","PG","Rotten",44,9,"Upright",62,48947,"Male",7,16,44
"s1332","Movie","Child's Play",1988,"R","R","Fresh",63,202,"",57,5798,"Male",7,18,39
"s1332","Movie","Child's Play",1988,"R","R","Fresh",71,49,"Upright",63,267567,"Male",7,18,39
"s3388","Movie","Killer Klowns from Outer Space",1988,"PG-13","PG-13","Fresh",75,24,"Spilled",59,43277,"Male",5,6,83
"s4373","Movie","Mystic Pizza",1988,"R","R","Fresh",75,24,"Spilled",55,43824,"Male",2,7,29
"s5071","Movie","Rain Man",1988,"R","R","Certified-Fresh",89,80,"Upright",90,314120,"Male",5,8,62
"s5433","Movie","School Daze",1988,"R","R","Rotten",56,27,"Upright",80,8967,"Male",6,8,75
"s6698","Movie","The Naked Gun: From the Files of Police Squad!",1988,"PG-13","PG-13","Certified-Fresh",88,57,"Upright",84,176871,"Male",5,7,71
"s2590","Movie","Hamburger Hill",1987,"R","R","Fresh",100,12,"Upright",72,33066,"Male",10,10,100
"s3488","Movie","La Bamba",1987,"PG-13","PG-13","Certified-Fresh",91,43,"Upright",78,52251,"Male",5,8,62
"s486","Movie","An American Tail",1986,"G","G","Fresh",71,28,"Upright",71,257273,"Male",6,9,67
"s2151","Movie","Ferris Bueller's Day Off",1986,"PG-13","PG-13","Certified-Fresh",81,67,"Upright",92,728750,"Male",7,11,64
"s5249","Movie","Rocky IV",1985,"PG","PG","Rotten",40,48,"Upright",79,352586,"Male",4,6,67
"s2994","Movie","Indiana Jones and the Temple of Doom",1984,"PG","PG","Certified-Fresh",84,69,"Upright",81,716843,"Male",3,4,75
"s5135","Movie","Red Dawn",1984,"PG-13","PG-13","Rotten",15,143,"Spilled",51,66686,"Male",7,18,39
"s5135","Movie","Red Dawn",1984,"PG-13","PG-13","Rotten",46,24,"Upright",65,49159,"Male",7,18,39
"s6699","Movie","The Natural",1984,"PG","PG","Certified-Fresh",81,43,"Upright",88,37791,"Male",6,9,67
"s5248","Movie","Rocky III",1982,"PG","PG","Fresh",63,38,"Upright",74,345523,"Male",7,8,88
"s5849","Movie","Stripes",1981,"R","R","Fresh",86,36,"Upright",79,53088,"Male",8,10,80
"s6338","Movie","The Evil Dead",1981,"TV-MA","R","Certified-Fresh",95,62,"Upright",84,202827,"Male",3,6,50
"s4910","Movie","Popeye",1980,"PG","PG","Fresh",61,33,"Spilled",39,56157,"Male",7,8,88
"s5064","Movie","Raging Bull",1980,"R","R","Certified-Fresh",93,74,"Upright",93,131407,"Male",6,8,75
"s5247","Movie","Rocky II",1979,"PG","PG","Fresh",71,31,"Upright",82,346329,"Male",7,9,78
"s2523","Movie","Grease",1978,"PG","PG","Certified-Fresh",75,73,"Upright",87,1161351,"Male",6,14,43
"s6199","Movie","The Car",1977,"PG","R","Rotten",28,18,"Spilled",52,6012,"Male",5,8,62
"s1227","Movie","Carrie",1976,"R","NR","Fresh",83,6,"Spilled",59,517,"Male",5,48,10
"s1227","Movie","Carrie",1976,"R","NR","Rotten",20,10,"Spilled",50,77581,"Male",5,48,10
"s1227","Movie","Carrie",1976,"R","R","Certified-Fresh",93,67,"Upright",77,353052,"Male",5,48,10
"s1227","Movie","Carrie",1976,"R","R","Rotten",50,183,"Spilled",44,82160,"Male",5,48,10
"s3705","Movie","Logan's Run",1976,"PG","PG","Fresh",62,34,"Upright",67,44738,"Male",7,9,78
"s5245","Movie","Rocky",1976,"PG","PG","Certified-Fresh",94,65,"Upright",69,33403994,"Male",6,7,86
"s5739","Movie","Sparkle",1976,"PG","NR","Fresh",78,18,"",NA,NA,"Male",3,18,17
"s5739","Movie","Sparkle",1976,"PG","PG","Rotten",10,10,"Upright",90,4581,"Male",3,18,17
"s5739","Movie","Sparkle",1976,"PG","PG-13","Rotten",56,94,"Spilled",44,886,"Male",3,18,17
"s5995","Movie","Taxi Driver",1976,"R","R","Certified-Fresh",96,92,"Upright",93,260593,"Male",7,9,78
"s393","Movie","Alice Doesn't Live Here Anymore",1974,"PG","PG","Fresh",88,33,"Upright",82,9844,"Male",5,10,50
"s6614","Movie","The Longest Yard",1974,"R","PG-13","Rotten",31,169,"Upright",62,32774364,"Male",8,18,44
"s6614","Movie","The Longest Yard",1974,"R","R","Fresh",79,34,"Upright",75,81341,"Male",8,18,44
"s6924","Movie","The Texas Chainsaw Massacre",1974,"R","R","Rotten",37,156,"Spilled",58,400615,"Male",6,7,86
"s1284","Movie","Charlotte's Web",1973,"G","G","Certified-Fresh",78,148,"Upright",62,379988,"Male",7,22,32
"s1284","Movie","Charlotte's Web",1973,"G","G","Fresh",77,22,"Upright",67,227184,"Male",7,22,32
"s1415","Movie","Cleopatra Jones",1973,"PG","R","Fresh",79,14,"Spilled",45,2674,"Male",1,4,25
"s4009","Movie","Mean Streets",1973,"R","R","Certified-Fresh",95,62,"Upright",84,54816,"Male",6,6,100
"s5908","Movie","Superfly",1972,"R","R","Fresh",92,26,"Upright",70,5556,"Male",3,6,50
"s5908","Movie","Superfly",1972,"R","R","Rotten",50,101,"Spilled",46,873,"Male",3,6,50
"s2153","Movie","Fiddler on the Roof",1971,"G","G","Certified-Fresh",83,41,"Upright",92,52560,"Male",3,7,43
"s7243","Movie","True Grit",1969,"G","G","Certified-Fresh",89,53,"Upright",84,26169,"Male",7,16,44
"s7243","Movie","True Grit",1969,"G","PG-13","Certified-Fresh",96,272,"Upright",85,158268,"Male",7,16,44
"s5286","Movie","Rosemary's Baby",1968,"R","R","Certified-Fresh",96,72,"Upright",87,73837,"Male",6,9,67
"s5786","TV Show","Star Trek",1968,"TV-14","PG-13","Certified-Fresh",94,353,"Upright",91,747806,"Male",4,6,67
"s1042","Movie","Bonnie and Clyde",1967,"R","R","Certified-Fresh",88,64,"Upright",88,56566,"Male",5,8,62
"s1498","Movie","Cool Hand Luke",1967,"TV-14","PG","Certified-Fresh",100,51,"Upright",95,63694,"Male",9,10,90
"s7610","Movie","Who's That Knocking at My Door?",1967,"R","R","Fresh",70,20,"Upright",61,5166,"Male",2,5,40
"s6222","Movie","The Cincinnati Kid",1965,"TV-14","G","Fresh",82,22,"Upright",78,6002,"Male",8,11,73
"s4301","Movie","Mutiny on the Bounty",1962,"TV-PG","NR","Certified-Fresh",93,41,"Upright",83,8061,"Male",5,10,50
"s4301","Movie","Mutiny on the Bounty",1962,"TV-PG","NR","Fresh",68,19,"Upright",73,4471,"Male",5,10,50
"s1153","Movie","Butterfield 8",1960,"TV-14","NR","Rotten",47,19,"Spilled",57,4072,"Male",3,8,38
"s4564","Movie","Ocean's Eleven",1960,"TV-PG","PG-13","Certified-Fresh",82,177,"Upright",80,32601771,"Male",7,9,78
"s2411","Movie","Gigi",1958,"G","G","Fresh",81,37,"Upright",74,20979,"Male",5,8,62
"s2234","Movie","Forbidden Planet",1956,"G","G","Certified-Fresh",96,46,"Upright",85,21483,"Male",6,7,86
"s5123","Movie","Rebel Without a Cause",1955,"PG-13","PG-13","Certified-Fresh",94,50,"Upright",88,58564,"Male",5,8,62
"s7596","Movie","White Christmas",1954,"TV-G","G","Certified-Fresh",77,43,"Upright",88,50102,"Male",4,7,57
